run_id,reward_formula,logged_train_step,response_length_mean,response_length_max,response_length_min,prompt_length_mean,prompt_length_max,global_seqlen_mean,global_seqlen_max,answer_reward,annotation_reward,overall,format_reward,zero_reward,trace_reward,gen_s,reward_s,update_actor_s,time_per_step_s,max_memory_allocated_gb,max_memory_reserved_gb
additive_ann0p50_sectioned_reasoning,additive,1,138.478,2048,11,1224.89,1975,174511,200732,0.169,0.053,0.146,,0.405,1,33.761,0.94,38.623,89.664,25.707,58.975
additive_ann0p50_sectioned_reasoning,additive,2,164.575,2048,5,1218.59,1919,177046,201851,0.186,0.062,0.16,,0.368,1,18.214,0.824,35.618,68.648,29.401,65.647
additive_ann0p50_sectioned_reasoning,additive,3,136.156,2048,8,1243.23,1916,176561,194559,0.161,0.05,0.143,,0.383,1,19.354,0.82,35.896,70.013,29.582,69.139
additive_ann0p50_sectioned_reasoning,additive,4,142.59,2048,4,1281.83,1973,182326,202068,0.156,0.049,0.139,,0.443,1,17.606,0.834,37.218,70.251,28.85,71.831
additive_ann0p50_sectioned_reasoning,additive,5,153.403,1984,10,1284.21,1977,184015,192540,0.158,0.048,0.14,,0.43,1,17.724,0.721,37.153,70.511,28.969,77.339
additive_ann0p50_sectioned_reasoning,additive,6,139.472,2048,8,1283.82,1957,182181,199341,0.176,0.045,0.15,,0.492,1,18.697,0.84,37.021,71.332,29.239,80.888
additive_ann0p50_sectioned_reasoning,additive,7,138.707,1977,11,1278.02,1935,181342,197533,0.188,0.064,0.166,,0.379,1,16.858,0.841,37.369,70.203,29.448,88.579
additive_ann0p50_sectioned_reasoning,additive,8,146.316,1731,11,1192.98,1912,171430,188495,0.181,0.057,0.159,,0.365,1,15.431,0.827,33.838,62.722,29.429,94.047
additive_ann0p50_sectioned_reasoning,additive,9,145.038,2048,12,1283.18,1921,182812,198287,0.158,0.069,0.153,,0.418,1,21.091,1.037,37.034,73.579,29.209,93.827
additive_ann0p50_sectioned_reasoning,additive,10,148.316,1131,12,1273.15,1917,181948,206672,0.188,0.058,0.163,,0.388,1,13.631,0.951,35.951,65.043,29.454,94.072
additive_ann0p50_sectioned_reasoning,additive,11,171.989,2048,12,1257.77,1979,183009,192187,0.17,0.046,0.147,,0.444,1,19.463,0.87,36.507,71.262,28.982,93.6
additive_ann0p50_sectioned_reasoning,additive,12,179.027,2048,12,1246.67,1928,182490,196491,0.166,0.061,0.154,,0.382,1,18.17,0.862,36.825,70.214,29.554,94.172
additive_ann0p50_sectioned_reasoning,additive,13,185.683,2048,17,1187.81,1871,175806,181767,0.173,0.064,0.16,,0.34,1,18.106,0.843,34.995,67.457,29.622,94.24
additive_ann0p50_sectioned_reasoning,additive,14,175.93,2048,12,1260.98,1926,183925,200163,0.188,0.054,0.162,,0.351,1,17.956,0.872,37.514,70.691,29.389,95.562
additive_ann0p50_sectioned_reasoning,additive,15,167.216,1537,26,1273.6,1905,184425,206212,0.221,0.057,0.18,,0.39,1,15.335,0.869,36.995,67.444,28.913,95.085
additive_ann0p50_sectioned_reasoning,additive,16,181.437,2048,17,1260.77,1963,184602,204436,0.188,0.052,0.161,,0.377,1,18.302,0.945,37.482,71.779,29.35,99.481
additive_ann0p50_sectioned_reasoning,additive,17,179.158,2048,27,1281.69,1973,186989,219562,0.215,0.052,0.174,,0.348,1,21.301,0.944,37.212,73.831,29.121,99.476
additive_ann0p50_sectioned_reasoning,additive,18,186.621,1977,12,1166.07,1984,173144,181576,0.187,0.095,0.18,,0.353,1,17.484,0.926,33.792,64.857,29.464,99.819
additive_ann0p50_sectioned_reasoning,additive,19,175.48,2048,27,1249.84,1884,182440,204157,0.183,0.069,0.167,,0.363,1,19.087,0.86,36.543,71.225,29.358,99.713
additive_ann0p50_sectioned_reasoning,additive,20,171.85,1179,12,1269.84,1931,184537,207016,0.219,0.049,0.174,,0.372,1,13.654,0.924,37.027,66.053,29.214,99.57
additive_ann0p50_sectioned_reasoning,additive,21,180.655,976,31,1204.85,1972,177345,197280,0.183,0.055,0.16,,0.366,1,13.562,0.861,35.308,63.798,29.321,100.72
additive_ann0p50_sectioned_reasoning,additive,22,170.104,997,12,1255.43,1919,182468,195327,0.155,0.057,0.148,,0.375,1,13.609,0.865,36.848,65.837,28.96,100.384
additive_ann0p50_sectioned_reasoning,additive,23,175.268,2012,20,1231.98,1963,180128,208009,0.206,0.052,0.17,,0.339,1,16.861,0.866,35.711,67.455,29.679,100.825
additive_ann0p50_sectioned_reasoning,additive,24,173.434,2048,31,1294.56,1973,187902,206902,0.183,0.045,0.155,,0.447,1,17.864,0.92,37.546,71.34,29.417,100.563
additive_ann0p50_sectioned_reasoning,additive,25,166.212,1214,51,1192.04,1919,173856,180118,0.213,0.06,0.178,,0.375,1,16.72,0.815,34.661,65.929,29.542,100.688
additive_ann0p50_sectioned_reasoning,additive,26,178.093,2048,27,1257.13,1936,183709,199669,0.172,0.051,0.154,,0.38,1,17.424,0.848,36.598,69.266,29.721,100.867
additive_ann0p50_sectioned_reasoning,additive,27,177.34,1166,11,1261.92,1908,184226,197978,0.195,0.066,0.172,,0.333,1,15.36,0.935,37.457,69.025,29.36,100.505
additive_ann0p50_sectioned_reasoning,additive,28,169.379,708,26,1250.4,1992,181732,204770,0.176,0.054,0.158,,0.432,1,11.989,0.938,36.606,64.043,29.344,100.489
additive_ann0p50_sectioned_reasoning,additive,29,163.033,970,54,1239.79,1909,179561,203175,0.216,0.064,0.182,,0.332,1,12.736,0.939,36.391,64.484,29.369,100.649
additive_ann0p50_sectioned_reasoning,additive,30,177.117,2048,30,1195.9,1920,175746,191085,0.196,0.054,0.167,,0.352,1,17.966,0.854,35.259,67.711,30.061,101.643
additive_ann0p50_sectioned_reasoning,additive,31,171.871,2041,56,1202.23,1916,175884,188591,0.23,0.068,0.191,,0.337,1,17.258,0.849,34.751,66.77,29.303,101.362
additive_ann0p50_sectioned_reasoning,additive,32,173.603,912,55,1270.77,1955,184879,199158,0.199,0.074,0.179,,0.342,1,13.186,0.876,37.043,65.633,29.757,103.178
additive_ann0p50_sectioned_reasoning,additive,33,171.183,1871,17,1234.54,1907,179932,192908,0.2,0.091,0.187,,0.363,1,20.117,0.836,36.065,71.091,29.432,102.854
additive_ann0p50_sectioned_reasoning,additive,34,163.234,921,27,1297.11,1947,186924,198764,0.184,0.064,0.166,,0.384,1,12.369,0.865,37.409,65.026,29.559,103.244
additive_ann0p50_sectioned_reasoning,additive,35,168.789,1109,61,1225.35,1900,178450,189008,0.191,0.078,0.177,,0.387,1,14.772,0.826,35.368,65.041,29.305,102.991
additive_ann0p50_sectioned_reasoning,additive,36,158.937,602,54,1256.94,1910,181233,196002,0.224,0.07,0.189,,0.337,1,11.17,0.867,36.739,63.541,29.521,103.207
additive_ann0p50_sectioned_reasoning,additive,37,164.644,1647,59,1226.53,1969,178070,199736,0.195,0.084,0.181,,0.356,1,15.597,0.864,35.739,66.427,29.899,103.585
additive_ann0p50_sectioned_reasoning,additive,38,169.127,1374,27,1249.1,1939,181533,190363,0.216,0.069,0.184,,0.312,1,17.74,0.865,36.022,68.686,29.606,103.292
additive_ann0p50_sectioned_reasoning,additive,39,168.636,1902,55,1244.41,1912,180870,192238,0.254,0.067,0.201,,0.312,1,16.928,0.852,36.065,68.708,29.36,103.046
additive_ann0p50_sectioned_reasoning,additive,40,163.447,957,62,1214.41,1972,176365,189295,0.185,0.062,0.166,,0.374,1,12.687,0.861,35.221,62.758,29.697,103.666
additive_ann0p50_sectioned_reasoning,additive,41,159.06,2048,60,1235.86,1930,178550,196491,0.219,0.083,0.192,,0.354,1,21.697,0.947,35.513,71.885,29.671,105.567
additive_ann0p50_sectioned_reasoning,additive,42,154.863,786,59,1280.93,1974,183782,197032,0.193,0.061,0.17,,0.374,1,13.867,0.969,38.063,67.171,29.54,106.448
additive_ann0p50_sectioned_reasoning,additive,43,149.501,717,41,1244.43,1930,178423,190437,0.203,0.075,0.182,,0.325,1,12.813,0.857,35.777,62.932,29.561,106.469
additive_ann0p50_sectioned_reasoning,additive,44,158.316,2048,59,1277.12,1955,183736,210280,0.208,0.088,0.19,,0.295,1,17.684,0.876,36.631,68.867,29.432,106.34
additive_ann0p50_sectioned_reasoning,additive,45,173.744,1449,51,1213.79,1920,177604,196655,0.24,0.087,0.204,,0.338,1,15.073,0.864,34.893,63.734,29.393,106.301
additive_ann0p50_sectioned_reasoning,additive,46,158.416,1756,58,1274.09,1955,183360,203072,0.211,0.078,0.187,,0.338,1,16.65,0.861,36.212,67.43,29.145,106.053
additive_ann0p50_sectioned_reasoning,additive,47,158.688,1078,62,1214.6,1939,175781,188703,0.232,0.067,0.192,,0.354,1,12.85,0.847,35.228,62.709,29.628,106.536
additive_ann0p50_sectioned_reasoning,additive,48,164.323,2048,61,1302.3,1913,187727,210615,0.221,0.072,0.188,,0.356,1,16.706,0.891,38.121,70.399,29.333,108.002
additive_ann0p50_sectioned_reasoning,additive,49,164.062,1434,17,1230.43,1921,178495,195812,0.244,0.091,0.209,,0.297,1,19.014,0.977,36.066,70.583,29.748,108.416
additive_ann0p50_sectioned_reasoning,additive,50,157.945,899,62,1263.84,1957,181989,202994,0.209,0.075,0.184,,0.376,1,13.096,0.951,36.823,65.882,29.435,109.133
additive_ann0p50_sectioned_reasoning,additive,51,166.88,2021,44,1249.1,1927,181246,192212,0.241,0.078,0.201,,0.313,1,18.88,0.94,37.12,71.533,29.621,109.555
additive_ann0p50_sectioned_reasoning,additive,52,156.271,1269,27,1203.98,1920,174113,188980,0.186,0.082,0.177,,0.321,1,13.884,0.914,35.378,64.236,29.675,109.609
additive_ann0p50_sectioned_reasoning,additive,53,158.992,1351,56,1269.58,1900,182857,193151,0.208,0.088,0.19,,0.343,1,14.06,0.968,37.557,67.4,29.724,109.658
additive_ann0p50_sectioned_reasoning,additive,54,157.21,669,65,1286.56,1967,184803,207432,0.217,0.077,0.189,,0.298,1,12.242,0.951,37.632,65.986,29.043,108.977
additive_ann0p50_sectioned_reasoning,additive,55,160.862,779,57,1230.7,1924,178120,188062,0.221,0.077,0.191,,0.307,1,12.008,0.951,36.253,63.778,29.646,109.58
additive_ann0p50_sectioned_reasoning,additive,56,155.638,1744,61,1264.91,1920,181831,204905,0.223,0.079,0.193,,0.346,1,16.225,0.944,37.071,68.995,29.566,109.5
additive_ann0p50_sectioned_reasoning,additive,57,163.36,1214,62,1237.73,1922,179340,189568,0.259,0.066,0.204,,0.326,1,18.813,0.854,36.146,70.204,29.738,109.672
additive_ann0p50_sectioned_reasoning,additive,58,160.607,1902,19,1186.01,1923,172367,185539,0.26,0.06,0.201,,0.279,1,17.314,0.929,35.044,67.363,29.986,109.92
additive_ann0p50_sectioned_reasoning,additive,59,165.568,1836,62,1286.09,1944,185813,202622,0.261,0.078,0.211,,0.296,1,18.122,0.956,37.603,71.574,29.295,109.229
additive_ann0p50_sectioned_reasoning,additive,60,151.011,890,45,1283.27,1907,183588,192931,0.283,0.073,0.219,,0.307,1,12.477,0.941,37.11,65.226,29.38,109.93
additive_ann0p50_sectioned_reasoning,additive,61,161.931,1890,65,1241.33,1914,179617,198929,0.268,0.091,0.22,,0.327,1,16.918,0.929,36.678,69.385,29.434,109.977
additive_ann0p50_sectioned_reasoning,additive,62,157.139,766,59,1237.34,1955,178494,188309,0.213,0.072,0.185,,0.315,1,12.907,0.992,36.397,64.186,29.53,110.967
additive_ann0p50_sectioned_reasoning,additive,63,151.855,2048,50,1249.9,1922,179424,196630,0.221,0.082,0.193,,0.299,1,17.345,0.97,36.98,69.729,29.273,111.686
additive_ann0p50_sectioned_reasoning,additive,64,149.83,909,54,1241.55,1969,178096,194070,0.229,0.092,0.202,,0.299,1,13.552,0.953,36.398,65.534,29.559,111.972
additive_ann0p50_sectioned_reasoning,additive,65,153.573,1400,64,1245.95,1922,179139,204879,0.229,0.101,0.206,,0.246,1,17.979,0.919,36.906,70.221,29.55,111.953
additive_ann0p50_sectioned_reasoning,additive,66,157.528,970,54,1194.74,1933,173091,193462,0.282,0.078,0.22,,0.284,1,14.798,0.922,34.62,63.937,29.466,111.869
additive_ann0p50_sectioned_reasoning,additive,67,161.392,1131,61,1254.96,1909,181293,188936,0.241,0.08,0.202,,0.269,1,14.132,0.916,36.349,65.302,29.656,112.059
additive_ann0p50_sectioned_reasoning,additive,68,150.69,2048,57,1234.09,1972,177252,192032,0.23,0.084,0.199,,0.312,1,21.451,0.952,36.204,72.535,29.558,111.961
additive_ann0p50_sectioned_reasoning,additive,69,161.016,1624,61,1259.13,1898,181779,195563,0.274,0.1,0.228,,0.326,1,15.338,0.881,36.248,66.09,29.572,111.975
additive_ann0p50_sectioned_reasoning,additive,70,152.014,1565,48,1253.92,1971,179960,198959,0.296,0.092,0.234,,0.281,1,16.3,1.095,36.844,69.143,29.428,111.823
additive_ann0p50_sectioned_reasoning,additive,71,157.316,1478,28,1247.06,1953,179760,205282,0.261,0.075,0.209,,0.259,1,15.161,0.939,35.728,65.686,29.461,111.857
additive_ann0p50_sectioned_reasoning,additive,72,154.923,1032,55,1212.24,1916,174997,191211,0.267,0.091,0.219,,0.302,1,12.773,0.973,35.36,62.347,29.741,112.136
additive_ann0p50_sectioned_reasoning,additive,73,155.929,1789,57,1277.02,1906,183418,194379,0.241,0.104,0.213,,0.263,1,19.31,0.961,37.37,71.997,29.736,112.132
additive_ann0p50_sectioned_reasoning,additive,74,159.47,1434,53,1250.13,1956,180429,200773,0.251,0.068,0.201,,0.299,1,14.891,0.91,35.83,65.372,29.431,111.827
additive_ann0p50_sectioned_reasoning,additive,75,160.732,803,54,1270.69,1981,183223,199073,0.25,0.095,0.213,,0.316,1,13.089,0.953,36.768,65.107,29.675,114.59
additive_ann0p50_sectioned_reasoning,additive,76,161.379,2048,52,1232.52,1970,178418,190028,0.27,0.105,0.228,,0.294,1,17.791,0.905,35.134,67.362,29.393,114.876
additive_ann0p50_sectioned_reasoning,additive,77,161.973,1241,65,1179.06,1907,171652,187824,0.272,0.129,0.241,,0.238,1,13.088,0.934,34.415,61.495,29.965,115.448
additive_ann0p50_sectioned_reasoning,additive,78,163.578,1164,47,1221.59,1916,177302,202640,0.328,0.108,0.257,,0.245,1,15.209,0.864,35.086,64.8,29.632,115.115
additive_ann0p50_sectioned_reasoning,additive,79,157.521,1472,46,1292.62,1908,185618,195170,0.257,0.077,0.208,,0.274,1,14.643,0.908,37.536,67.573,29.453,114.937
additive_ann0p50_sectioned_reasoning,additive,80,151.152,791,62,1236.97,1919,177680,200341,0.295,0.115,0.244,,0.268,1,11.699,0.858,35.133,61.642,29.387,114.87
additive_ann0p50_sectioned_reasoning,additive,81,154.47,714,55,1218.78,1919,175776,193113,0.282,0.13,0.246,,0.22,1,14.31,0.946,35.391,64.005,29.853,115.336
additive_ann0p50_sectioned_reasoning,additive,82,155.048,1050,68,1275.17,1945,183068,199901,0.264,0.11,0.227,,0.28,1,13.201,0.962,37.49,66.913,29.828,115.311
additive_ann0p50_sectioned_reasoning,additive,83,156.157,2048,56,1266.23,1973,182065,196289,0.259,0.105,0.223,,0.259,1,18.65,0.937,37.148,71.248,29.606,115.089
additive_ann0p50_sectioned_reasoning,additive,84,158.673,2048,59,1199.06,1918,173790,189865,0.294,0.11,0.241,,0.276,1,18.258,0.955,35.251,68.23,29.73,115.213
additive_ann0p50_sectioned_reasoning,additive,85,160.155,883,71,1182.14,1973,171814,181935,0.262,0.1,0.222,,0.26,1,11.79,0.934,34.546,60.633,29.938,115.421
additive_ann0p50_sectioned_reasoning,additive,86,157.578,1570,57,1311.3,1961,188016,210568,0.266,0.111,0.229,,0.263,1,16.318,0.999,38.272,70.458,29.303,114.786
additive_ann0p50_sectioned_reasoning,additive,87,161.603,1715,59,1278.31,1910,184309,206015,0.225,0.104,0.206,,0.248,1,16.309,0.943,37.673,69.957,29.477,114.96
additive_ann0p50_sectioned_reasoning,additive,88,157.957,2048,65,1255.3,1960,180896,207812,0.285,0.108,0.236,,0.201,1,18.219,0.966,36.545,70.083,29.781,115.264
additive_ann0p50_sectioned_reasoning,additive,89,160.519,2048,60,1210.54,1911,175495,190173,0.282,0.14,0.25,,0.21,1,19.739,0.888,34.445,68.065,30.115,115.598
additive_ann0p50_sectioned_reasoning,additive,90,151.67,797,59,1237.12,1918,177766,194893,0.261,0.139,0.239,,0.215,1,11.322,0.881,35.074,60.964,29.6,115.083
additive_ann0p50_sectioned_reasoning,additive,91,161.103,2048,34,1277.38,1982,184126,191436,0.263,0.113,0.228,,0.259,1,18.349,0.867,36.653,69.418,29.529,115.012
additive_ann0p50_sectioned_reasoning,additive,92,157.43,1328,63,1258.27,1957,181210,196312,0.242,0.103,0.214,,0.237,1,13.488,0.866,36.04,64.131,29.563,115.046
additive_ann0p50_sectioned_reasoning,additive,93,156.254,1574,62,1255.71,1917,180732,189483,0.293,0.119,0.245,,0.261,1,14.323,0.881,36.007,64.715,29.784,115.267
additive_ann0p50_sectioned_reasoning,additive,94,152.373,2048,66,1236.16,1959,177732,188268,0.267,0.112,0.23,,0.281,1,17.107,0.87,35.145,66.421,29.686,115.169
additive_ann0p50_sectioned_reasoning,additive,95,154.61,811,56,1206.05,1953,174164,198896,0.274,0.142,0.248,,0.222,1,10.58,0.862,34.436,58.911,29.623,115.106
additive_ann0p50_sectioned_reasoning,additive,96,156.12,1213,59,1194.05,1912,172821,192044,0.297,0.153,0.263,,0.247,1,12.677,0.875,33.956,60.995,29.659,115.142
additive_ann0p50_sectioned_reasoning,additive,97,159.071,1596,50,1266.64,1961,182491,206198,0.233,0.115,0.215,,0.229,1,18.95,0.963,36.549,70.459,29.183,114.667
additive_ann0p50_sectioned_reasoning,additive,98,158.36,2048,59,1232.59,1920,178041,190441,0.264,0.121,0.233,,0.269,1,17.34,0.967,36.012,67.918,29.532,115.015
additive_ann0p50_sectioned_reasoning,additive,99,150.462,2048,59,1248.09,1954,179014,194009,0.277,0.14,0.248,,0.254,1,19.065,0.962,36.399,70.585,29.569,115.052
gated_ann0p50_sectioned_reasoning,gated,1,138.478,2048,11,1224.89,1975,174511,200732,0.169,0.053,0.129,,0.831,1,33.795,0.834,39.029,89.517,25.707,58.975
gated_ann0p50_sectioned_reasoning,gated,2,158.521,1829,11,1218.59,1919,176271,199661,0.166,0.061,0.126,,0.834,1,16.341,0.949,35.885,67.419,29.327,68.904
gated_ann0p50_sectioned_reasoning,gated,3,136.494,2048,8,1243.23,1916,176604,194917,0.172,0.051,0.131,,0.828,1,17.369,0.956,36.471,68.964,29.546,76.504
gated_ann0p50_sectioned_reasoning,gated,4,150.922,2009,4,1281.83,1973,183392,203534,0.175,0.047,0.132,,0.825,1,18.371,0.836,36.973,70.239,28.813,78.384
gated_ann0p50_sectioned_reasoning,gated,5,168.604,2048,8,1284.21,1977,185960,194530,0.157,0.047,0.123,,0.843,1,18.278,0.837,37.061,70.13,28.933,78.821
gated_ann0p50_sectioned_reasoning,gated,6,164.244,2048,8,1283.82,1957,185352,204423,0.183,0.042,0.139,,0.817,1,17.935,0.837,36.459,69.283,29.202,79.09
gated_ann0p50_sectioned_reasoning,gated,7,158.562,1433,12,1278.02,1935,183883,198871,0.181,0.058,0.136,,0.819,1,14.679,0.84,37.355,67.428,29.411,85.672
gated_ann0p50_sectioned_reasoning,gated,8,181.327,2048,12,1192.98,1912,175911,202436,0.206,0.05,0.15,,0.794,1,18.141,0.807,34.947,67.495,29.392,85.653
gated_ann0p50_sectioned_reasoning,gated,9,173.495,2048,12,1283.18,1921,186454,205588,0.162,0.072,0.13,,0.838,1,22.262,0.963,37.955,76.147,29.172,87.389
gated_ann0p50_sectioned_reasoning,gated,10,181.916,1053,12,1273.15,1917,186248,209868,0.174,0.057,0.133,,0.826,1,13.646,0.971,38.014,67.398,29.417,91.292
gated_ann0p50_sectioned_reasoning,gated,11,196.878,2048,20,1257.77,1979,186194,197040,0.19,0.047,0.143,,0.81,1,18.586,0.967,37.661,71.853,28.945,94.745
gated_ann0p50_sectioned_reasoning,gated,12,196.446,2048,17,1246.67,1928,184719,196377,0.176,0.055,0.136,,0.824,1,19.397,0.839,36.704,70.935,29.517,95.355
gated_ann0p50_sectioned_reasoning,gated,13,204.84,2048,63,1187.81,1871,178258,185018,0.165,0.064,0.133,,0.835,1,18.18,0.835,34.776,67.123,29.618,95.424
gated_ann0p50_sectioned_reasoning,gated,14,194.897,2048,56,1260.98,1926,186353,202703,0.175,0.048,0.134,,0.825,1,17.918,0.841,36.939,70.156,29.385,95.302
gated_ann0p50_sectioned_reasoning,gated,15,177.254,1645,64,1273.6,1905,185710,205611,0.233,0.051,0.165,,0.767,1,16.247,0.835,37.058,68.464,28.909,97.039
gated_ann0p50_sectioned_reasoning,gated,16,193.004,2048,59,1260.77,1963,186082,204006,0.195,0.046,0.146,,0.805,1,18.113,0.835,37.034,70.048,29.346,99.278
gated_ann0p50_sectioned_reasoning,gated,17,188.632,1442,27,1281.69,1973,188202,217239,0.207,0.058,0.155,,0.793,1,20.232,0.826,37.471,72.825,29.117,101.499
gated_ann0p50_sectioned_reasoning,gated,18,197.715,2048,26,1166.07,1984,174564,183642,0.203,0.086,0.155,,0.797,1,22.367,0.838,34.21,70.048,29.46,101.842
gated_ann0p50_sectioned_reasoning,gated,19,185.449,1701,60,1249.84,1884,183716,204518,0.215,0.064,0.16,,0.785,1,20.322,0.707,36.105,70.972,29.354,101.736
gated_ann0p50_sectioned_reasoning,gated,20,182.608,2048,58,1269.84,1931,185914,207122,0.217,0.041,0.157,,0.783,1,24.823,0.962,37.27,77.662,29.21,101.593
gated_ann0p50_sectioned_reasoning,gated,21,189.369,2048,57,1204.85,1972,178460,198289,0.191,0.051,0.144,,0.809,1,18.396,0.933,34.734,67.389,29.349,101.695
gated_ann0p50_sectioned_reasoning,gated,22,181.93,1918,12,1255.43,1919,183982,195280,0.161,0.058,0.131,,0.839,1,17.458,0.821,36.186,68.308,28.987,101.334
gated_ann0p50_sectioned_reasoning,gated,23,182.697,2048,31,1231.98,1963,181079,207127,0.205,0.043,0.149,,0.795,1,19.424,0.963,35.839,70.151,29.428,101.775
gated_ann0p50_sectioned_reasoning,gated,24,180.292,2048,66,1294.56,1973,188780,205447,0.182,0.04,0.139,,0.818,1,18.26,0.859,37.106,70.796,29.167,101.513
gated_ann0p50_sectioned_reasoning,gated,25,173.63,1716,56,1192.04,1919,174806,182741,0.22,0.061,0.161,,0.78,1,19.672,0.812,34.41,68.432,29.291,101.638
gated_ann0p50_sectioned_reasoning,gated,26,181.061,2048,46,1257.13,1936,184089,200732,0.197,0.045,0.148,,0.803,1,17.864,0.84,36.418,69.042,29.47,101.817
gated_ann0p50_sectioned_reasoning,gated,27,195.583,1939,65,1261.92,1908,186561,201780,0.189,0.056,0.145,,0.811,1,16.98,0.83,36.424,67.823,29.109,101.455
gated_ann0p50_sectioned_reasoning,gated,28,184.057,2048,62,1250.4,1992,183610,204826,0.199,0.057,0.154,,0.801,1,18.81,0.823,36.282,69.863,29.093,101.439
gated_ann0p50_sectioned_reasoning,gated,29,174.471,2048,59,1239.79,1909,181025,204249,0.203,0.059,0.152,,0.797,1,17.528,0.843,35.995,68.225,29.119,101.465
gated_ann0p50_sectioned_reasoning,gated,30,182.946,2048,51,1195.9,1920,176492,189322,0.186,0.047,0.142,,0.814,1,17.716,0.813,35.127,67.01,29.81,102.156
gated_ann0p50_sectioned_reasoning,gated,31,174.083,2048,59,1202.23,1916,176168,187182,0.21,0.065,0.16,,0.79,1,17.595,0.843,34.749,66.695,29.052,101.398
gated_ann0p50_sectioned_reasoning,gated,32,180.524,786,55,1270.77,1955,185765,201394,0.23,0.064,0.168,,0.77,1,12.021,0.864,37.883,65.042,29.506,102.277
gated_ann0p50_sectioned_reasoning,gated,33,175.224,1325,55,1234.54,1907,180450,194581,0.206,0.083,0.157,,0.794,1,17.771,0.825,36.127,68.519,29.182,101.953
gated_ann0p50_sectioned_reasoning,gated,34,170.079,2048,51,1297.11,1947,187800,199351,0.206,0.058,0.155,,0.794,1,17.689,0.863,37.218,70.243,29.308,102.079
gated_ann0p50_sectioned_reasoning,gated,35,174.092,1271,63,1225.35,1900,179129,189775,0.202,0.071,0.156,,0.798,1,14.185,0.718,35.395,63.901,29.128,102.555
gated_ann0p50_sectioned_reasoning,gated,36,161.345,645,53,1256.94,1910,181541,195590,0.24,0.068,0.178,,0.76,1,12.393,0.962,37.123,64.971,29.344,109.337
gated_ann0p50_sectioned_reasoning,gated,37,168.523,670,45,1226.53,1969,178567,201970,0.198,0.065,0.152,,0.802,1,11.686,0.849,35.762,61.996,29.724,109.716
gated_ann0p50_sectioned_reasoning,gated,38,171.148,772,52,1249.1,1939,181792,191025,0.213,0.057,0.158,,0.787,1,12.477,0.846,37.152,64.918,29.431,110.472
gated_ann0p50_sectioned_reasoning,gated,39,167.254,546,61,1244.41,1912,180694,191889,0.238,0.057,0.171,,0.762,1,11.122,0.974,36.596,63.575,29.185,110.226
gated_ann0p50_sectioned_reasoning,gated,40,170.493,2048,64,1214.41,1972,177267,191737,0.199,0.051,0.15,,0.801,1,18.37,0.968,35.964,69.539,29.522,110.563
gated_ann0p50_sectioned_reasoning,gated,41,164.399,1390,63,1235.86,1930,179233,196280,0.221,0.064,0.164,,0.779,1,17.46,0.838,36.062,68.592,29.527,110.534
gated_ann0p50_sectioned_reasoning,gated,42,162.206,2048,54,1280.93,1974,184721,200492,0.196,0.05,0.15,,0.804,1,18.158,0.847,37.189,70.741,29.396,112.014
gated_ann0p50_sectioned_reasoning,gated,43,156.943,1239,58,1244.43,1930,179376,192289,0.19,0.061,0.152,,0.81,1,13.712,0.847,36.319,64.984,29.475,112.035
gated_ann0p50_sectioned_reasoning,gated,44,163.301,745,58,1277.12,1955,184374,209496,0.218,0.07,0.16,,0.782,1,13.348,0.864,37.142,66.193,29.346,111.906
gated_ann0p50_sectioned_reasoning,gated,45,170.629,745,17,1213.79,1920,177206,194387,0.23,0.071,0.174,,0.77,1,11.992,0.825,34.92,61.319,29.307,111.867
gated_ann0p50_sectioned_reasoning,gated,46,156.166,603,59,1274.09,1955,183072,202896,0.229,0.059,0.169,,0.771,1,12.603,0.852,37.016,65.09,29.06,111.619
gated_ann0p50_sectioned_reasoning,gated,47,164.952,988,65,1214.6,1939,176583,188935,0.221,0.05,0.163,,0.779,1,14.45,0.842,35.506,64.808,29.542,112.102
gated_ann0p50_sectioned_reasoning,gated,48,158.865,699,49,1302.3,1913,187029,211455,0.224,0.055,0.164,,0.776,1,12.194,0.754,36.791,64.562,29.247,111.807
gated_ann0p50_sectioned_reasoning,gated,49,163.204,600,55,1230.43,1921,178385,192647,0.262,0.084,0.193,,0.738,1,16.149,0.842,35.694,66.928,29.662,112.394
gated_ann0p50_sectioned_reasoning,gated,50,162.437,803,50,1263.84,1957,182564,203805,0.199,0.055,0.154,,0.801,1,12.747,0.745,36.045,64.082,29.349,112.081
gated_ann0p50_sectioned_reasoning,gated,51,167.128,825,46,1249.1,1927,181277,191986,0.239,0.057,0.171,,0.761,1,11.754,0.74,35.262,62.198,29.535,112.268
gated_ann0p50_sectioned_reasoning,gated,52,161.63,904,57,1203.98,1920,174799,190047,0.181,0.064,0.144,,0.819,1,13.077,0.847,34.822,62.244,29.589,112.322
gated_ann0p50_sectioned_reasoning,gated,53,159.121,1241,56,1269.58,1900,182874,193103,0.216,0.079,0.165,,0.784,1,13.932,0.895,37.298,66.963,29.639,112.371
gated_ann0p50_sectioned_reasoning,gated,54,157.804,650,43,1286.56,1967,184879,207284,0.235,0.063,0.17,,0.765,1,12.419,0.764,36.26,64.12,28.958,113.677
gated_ann0p50_sectioned_reasoning,gated,55,157.237,589,58,1230.7,1924,177656,187527,0.235,0.055,0.173,,0.765,1,10.87,0.837,35.441,60.891,29.56,114.28
gated_ann0p50_sectioned_reasoning,gated,56,151.43,567,60,1264.91,1920,181292,204791,0.208,0.063,0.157,,0.792,1,10.651,0.745,35.919,61.614,29.48,114.2
gated_ann0p50_sectioned_reasoning,gated,57,162.253,1351,50,1237.73,1922,179198,191814,0.255,0.046,0.18,,0.745,1,17.091,0.831,35.004,66.532,29.672,114.372
gated_ann0p50_sectioned_reasoning,gated,58,154.827,1658,66,1186.01,1923,171627,185379,0.244,0.041,0.176,,0.756,1,15.299,0.837,33.752,62.769,29.92,114.62
gated_ann0p50_sectioned_reasoning,gated,59,160.585,619,55,1286.09,1944,185175,201526,0.27,0.051,0.187,,0.73,1,12.606,0.868,36.666,64.056,29.228,113.928
gated_ann0p50_sectioned_reasoning,gated,60,147.399,506,46,1283.27,1907,183126,192213,0.259,0.055,0.182,,0.741,1,13.035,0.853,36.52,64.454,29.313,114.237
gated_ann0p50_sectioned_reasoning,gated,61,158.426,2048,61,1241.33,1914,179168,198515,0.277,0.073,0.196,,0.723,1,20.119,0.85,35.73,70.369,29.381,114.284
gated_ann0p50_sectioned_reasoning,gated,62,152.708,632,62,1237.34,1955,177927,188046,0.214,0.052,0.159,,0.786,1,12.604,0.969,35.616,63.7,29.478,114.38
gated_ann0p50_sectioned_reasoning,gated,63,147.655,719,50,1249.9,1922,178887,195798,0.252,0.059,0.182,,0.748,1,12.514,0.961,36.665,64.925,29.226,114.1
gated_ann0p50_sectioned_reasoning,gated,64,143.839,485,52,1241.55,1969,177329,194054,0.226,0.073,0.17,,0.774,1,10.752,0.965,35.956,62.35,29.512,115.334
gated_ann0p50_sectioned_reasoning,gated,65,150.235,526,53,1245.95,1922,178712,203407,0.239,0.078,0.177,,0.761,1,14.407,0.942,35.984,65.486,29.502,115.908
gated_ann0p50_sectioned_reasoning,gated,66,148.08,514,51,1194.74,1933,171881,192943,0.284,0.056,0.194,,0.716,1,10.808,0.833,34.709,59.634,29.417,115.823
gated_ann0p50_sectioned_reasoning,gated,67,149.402,511,17,1254.96,1909,179758,188557,0.212,0.053,0.158,,0.788,1,10.951,0.89,36.164,62.311,29.618,116.014
gated_ann0p50_sectioned_reasoning,gated,68,143.685,798,64,1234.09,1972,176356,192506,0.255,0.061,0.18,,0.745,1,13.077,0.851,35.813,63.545,29.52,115.916
gated_ann0p50_sectioned_reasoning,gated,69,150.265,910,57,1259.13,1898,180403,194239,0.285,0.08,0.203,,0.715,1,12.323,0.853,36.513,63.88,29.534,115.93
gated_ann0p50_sectioned_reasoning,gated,70,139.716,443,46,1253.92,1971,178386,197695,0.309,0.064,0.212,,0.691,1,10.559,0.895,36.7,62.317,29.382,115.778
gated_ann0p50_sectioned_reasoning,gated,71,142.595,409,58,1247.06,1953,177876,203559,0.264,0.061,0.186,,0.736,1,10.583,0.838,35.495,61.047,29.416,115.812
gated_ann0p50_sectioned_reasoning,gated,72,141.473,866,56,1212.24,1916,173276,189110,0.283,0.067,0.199,,0.717,1,12.941,0.875,34.263,61.25,29.695,116.091
gated_ann0p50_sectioned_reasoning,gated,73,143.444,431,63,1277.02,1906,181820,192977,0.257,0.083,0.189,,0.743,1,13.17,0.972,37.093,66.04,29.691,116.087
gated_ann0p50_sectioned_reasoning,gated,74,145.736,643,59,1250.13,1956,178671,199601,0.248,0.045,0.174,,0.752,1,11.365,0.951,35.587,61.806,29.386,115.827
gated_ann0p50_sectioned_reasoning,gated,75,144.665,492,47,1270.69,1981,181166,198206,0.245,0.076,0.178,,0.755,1,10.245,0.845,35.599,61.194,29.63,116.071
gated_ann0p50_sectioned_reasoning,gated,76,143.746,686,49,1232.52,1970,176162,188917,0.263,0.079,0.186,,0.737,1,12.42,0.769,33.998,61.154,29.347,115.788
gated_ann0p50_sectioned_reasoning,gated,77,142.686,697,58,1179.06,1907,169184,183170,0.284,0.082,0.199,,0.716,1,12.304,0.757,32.811,59.369,29.92,116.361
gated_ann0p50_sectioned_reasoning,gated,78,141.093,669,47,1221.59,1916,174424,200236,0.333,0.066,0.227,,0.667,1,11.313,0.773,33.673,59.222,29.586,116.027
gated_ann0p50_sectioned_reasoning,gated,79,132.989,672,46,1292.62,1908,182478,191450,0.244,0.043,0.174,,0.756,1,10.608,0.805,37.449,63.193,29.408,115.849
gated_ann0p50_sectioned_reasoning,gated,80,134.16,376,51,1236.97,1919,175504,199462,0.311,0.082,0.217,,0.689,1,10.595,0.761,34.868,59.964,29.341,115.782
gated_ann0p50_sectioned_reasoning,gated,81,136.664,370,58,1218.78,1919,173497,191312,0.246,0.079,0.186,,0.754,1,14.154,0.894,35.004,62.873,29.807,116.249
gated_ann0p50_sectioned_reasoning,gated,82,133.104,477,52,1275.17,1945,180259,196246,0.279,0.076,0.203,,0.721,1,10.565,0.795,35.682,61.143,29.782,116.223
gated_ann0p50_sectioned_reasoning,gated,83,136.352,438,52,1266.23,1973,179530,191593,0.261,0.071,0.187,,0.739,1,10.837,0.762,35.747,61.456,29.57,116.001
gated_ann0p50_sectioned_reasoning,gated,84,133.084,495,58,1199.06,1918,170515,184602,0.316,0.051,0.211,,0.684,1,12.481,0.836,33.021,59.593,29.694,116.125
gated_ann0p50_sectioned_reasoning,gated,85,137.727,510,64,1182.14,1973,168943,178738,0.277,0.065,0.192,,0.723,1,10.238,0.763,33.433,57.631,29.902,116.333
gated_ann0p50_sectioned_reasoning,gated,86,135.17,501,57,1311.3,1961,185148,206895,0.255,0.08,0.189,,0.745,1,10.571,0.815,36.471,63.102,29.267,115.699
gated_ann0p50_sectioned_reasoning,gated,87,135.02,756,58,1278.31,1910,180906,203319,0.248,0.062,0.184,,0.752,1,11.64,0.774,35.846,63.264,29.441,117.073
gated_ann0p50_sectioned_reasoning,gated,88,133.214,1009,47,1255.3,1960,177729,205476,0.28,0.062,0.198,,0.72,1,12.463,0.785,34.926,62.804,29.745,117.377
gated_ann0p50_sectioned_reasoning,gated,89,138.563,393,56,1210.54,1911,172685,188012,0.286,0.093,0.205,,0.714,1,12.666,0.829,34.969,62.241,30.078,117.71
gated_ann0p50_sectioned_reasoning,gated,90,132.764,826,54,1237.12,1918,175346,192262,0.263,0.091,0.193,,0.737,1,11.873,0.965,35.058,62.641,29.564,117.196
gated_ann0p50_sectioned_reasoning,gated,91,135.109,408,58,1277.38,1982,180799,188208,0.262,0.066,0.192,,0.738,1,10.104,0.882,36.365,62.708,29.493,117.125
gated_ann0p50_sectioned_reasoning,gated,92,133.238,461,59,1258.27,1957,178114,194238,0.252,0.054,0.181,,0.748,1,11.699,0.778,35.455,62.42,29.526,117.158
gated_ann0p50_sectioned_reasoning,gated,93,138.801,677,65,1255.71,1917,178498,188032,0.281,0.071,0.199,,0.719,1,11.035,0.946,36.523,63.277,29.748,117.394
gated_ann0p50_sectioned_reasoning,gated,94,128.339,620,54,1236.16,1959,174655,186976,0.285,0.034,0.191,,0.715,1,11.649,0.873,34.886,62.402,29.649,117.295
gated_ann0p50_sectioned_reasoning,gated,95,132.546,487,58,1206.05,1953,171340,198175,0.281,0.066,0.198,,0.719,1,11.022,0.89,33.918,60.422,29.586,117.232
gated_ann0p50_sectioned_reasoning,gated,96,131.984,661,56,1194.05,1912,169732,189241,0.317,0.082,0.22,,0.683,1,11.153,0.968,35.194,61.99,29.623,117.269
gated_ann0p50_sectioned_reasoning,gated,97,129.351,421,38,1266.64,1961,178687,203716,0.25,0.056,0.177,,0.75,1,12.914,0.962,36.307,64.802,29.147,116.793
gated_ann0p50_sectioned_reasoning,gated,98,131.977,557,58,1232.59,1920,174664,182635,0.29,0.047,0.197,,0.71,1,10.236,0.873,35.474,60.546,29.495,117.141
gated_ann0p50_sectioned_reasoning,gated,99,124.433,358,58,1248.09,1954,175682,190052,0.266,0.086,0.199,,0.734,1,9.347,0.865,36.04,60.267,29.533,117.179
