program_signature_id,program_schema,definition,do_not_merge_when,domain_count,domains,scene_count,scenes,proposed_task_count,example_proposed_task_ids
count.adjacency_relation,"count(filter(units, adjacent(reference, unit) and predicate(unit)))",Count units related to a reference by adjacency/neighborhood.,Do not merge with unscoped predicate counts.,3,charts | games | graph,3,charts/region_map | games/hex | graph/node_link,5,task_charts__region_map__adjacent_category_count | task_charts__region_map__adjacent_numeric_threshold_count | task_charts__region_map__adjacent_same_category_count | task_games__hex__candidate_neighbor_count | task_graph__node_link__hamiltonian_cycle_neighbor_label
count.attribute_delta_pair,"count(filter(pair_cells, attribute_delta(pair_cell) == target_delta))",Count pair-grid cells whose before-to-after pair has a named attribute-delta predicate.,Do not merge with reference-transform matching against a full example pair.,1,icons,1,icons/pair_grid,1,task_icons__pair_grid__attribute_delta_pair_count
count.composite_predicate,"count(filter(units, predicate_set(unit, query_parameters)))",Count units satisfying a compound or attribute-binding predicate.,Do not merge with single-attribute counts if the program must bind multiple attributes or roles.,2,games | pages,2,games/minecraft | pages/hero_callout_infographic,2,task_games__minecraft__stack_height_condition_count | task_pages__hero_callout_infographic__callout_condition_count
count.counterfactual,"count(filter(apply_edits(scene_objects, edit_sequence), result_selector))","Apply a specified edit to the scene, then count objects selected from the edited state.","Do not merge with static attribute, scoped, relation, or arithmetic counts.",4,icons | illustrations | puzzles | three_d,4,icons/named_field | illustrations/source_scene_edit | puzzles/voxel_cube | three_d/object_scene,5,task_icons__named_field__counterfactual_attribute_count | task_icons__named_field__counterfactual_total_count | task_illustrations__source_scene_edit__object_count_after_edit | task_puzzles__voxel_cube__cube_structure_change_count | task_three_d__object_scene__counterfactual_count
count.direct_cardinality,"count(filter(units, query_attribute_or_role))","Count visible units selected by a single role, attribute, or narrow predicate.","Do not merge with interval, path, counterfactual, or multi-step derived counts.",11,charts | games | geometry | graph | icons | illustrations | misc | pages | physics | puzzles | three_d,56,charts/uncertainty_band | games/backgammon | games/battleship | games/bingo | games/checkers | games/chess | games/chess_variant | games/circular_chess | games/crossing | games/dots_and_boxes | games/go | games/lane_runner | games/mancala_pit_board | games/match3 | games/minecraft | games/minesweeper | games/nine_mens_morris | games/racing_track | games/reversi | games/sixteen_soldiers | games/sliding_block | games/snakes_ladders | games/tetris | games/tic_tac_toe_3d | games/tower_defense | games/tower_draughts_board | games/ultimate_tictactoe | geometry/container_volume_transfer | geometry/coordinate_composite | graph/adjacency | graph/phylogeny_tree | icons/mirror_grid | icons/named_field | icons/overlap_grid | icons/paired_canvas | icons/reference_canvas | icons/sequence_strip | icons/two_anchor | icons/wallpaper_panels | illustrations/pixel_village | ...,72,task_charts__uncertainty_band__band_overlap_count | task_games__backgammon__point_state_count | task_games__battleship__ship_cell_status_count | task_games__bingo__called_number_mark_count | task_games__checkers__piece_mobility_count | task_games__checkers__piece_state_count | task_games__chess__marked_piece_blocker_count | task_games__chess__target_square_attacker_count | task_games__chess_variant__target_square_reacher_count | task_games__circular_chess__target_cell_reacher_count | task_games__crossing__moving_object_direction_count | task_games__dots_and_boxes__owned_box_count | task_games__go__stone_group_count | task_games__lane_runner__path_coin_count | task_games__mancala_pit_board__post_sow_pit_count_value | task_games__match3__gem_count | task_games__minecraft__top_ore_stack_count | task_games__minesweeper__remaining_mine_count_value | task_games__nine_mens_morris__mill_completion_point_count | task_games__racing_track__ahead_object_count | task_games__reversi__frontier_disc_count | task_games__sixteen_soldiers__marked_piece_capture_count | task_games__sliding_block__movable_block_count | task_games__sliding_block__sliding_block_blocker_count | task_games__snakes_ladders__special_square_count | task_games__tetris__edge_occupied_row_cell_count | task_games__tetris__row_occupancy_status_count | task_games__tic_tac_toe_3d__layer_piece_count | task_games__tower_defense__covered_path_segment_count | task_games__tower_defense__tower_coverage_count | task_games__tower_draughts_board__controlled_stack_count | task_games__tower_draughts_board__marked_stack_capture_count | task_games__tower_draughts_board__marked_stack_destination_count | task_games__ultimate_tictactoe__macro_threat_board_count | task_geometry__container_volume_transfer__fill_count_value | task_geometry__coordinate_composite__intersection_point_count | task_graph__adjacency__directed_pair_reciprocity_count | task_graph__phylogeny_tree__clade_leaf_count | task_graph__phylogeny_tree__mrca_clade_membership_count | task_icons__mirror_grid__mirror_symmetry_count | ...
count.entity,count(candidate_entities),Count all visible candidate entities in the task support set.,"Do not merge with attribute-filtered, scoped, relation, rule-derived, or counterfactual counts.",3,illustrations | pages | puzzles,4,illustrations/single_object_figure | pages/concept_map | pages/schema | puzzles/voxel_cube,5,task_illustrations__single_object_figure__visible_part_count | task_pages__concept_map__branch_child_count | task_pages__schema__relationship_count | task_puzzles__voxel_cube__cube_count | task_puzzles__voxel_cube__cube_visible_projection_count
count.group_frequency,"count(filter(instances, frequency(group_key(instance)) satisfies frequency_role))",Count icon instances selected by an icon-type frequency role.,Do not merge with direct shape/type counting that does not construct type frequencies.,1,icons,1,icons/icon_field,1,task_icons__icon_field__type_frequency_count
count.group_predicate,"count(filter(groups, group_predicate(group, query_parameters)))",Count groups whose visible aggregate/member predicate satisfies the query condition.,Do not merge with scoped object counts inside one group or direct entity counts.,2,charts | icons,5,charts/combo_mark | charts/dashboard | charts/parallel_coords | charts/radar | icons/named_grid,6,task_charts__combo_mark__dual_threshold_condition_count | task_charts__dashboard__category_panel_condition_count | task_charts__dashboard__dual_condition_count | task_charts__parallel_coords__axis_condition_count | task_charts__radar__matching_condition_panel_count | task_icons__named_grid__group_predicate_count
count.intersection_or_crossing,"count(intersections_or_crossings(visible_primitives, scope))",Count geometric or chart-primitive intersections/crossings.,Do not merge with threshold or category counts.,2,charts | geometry,3,charts/curve_panels | charts/parallel_coords | geometry/function_graph,4,task_charts__curve_panels__curve_intersection_count | task_charts__parallel_coords__all_crossings_between_adjacent_axes | task_charts__parallel_coords__crossings_involving_profile_between_axes | task_geometry__function_graph__reference_line_crossing_count
count.interval_predicate,"count(filter(units, lower <= metric(unit) <= upper))",Count visible units satisfying a two-bound interval predicate.,Do not merge with one-bound threshold or categorical equality counts.,2,charts | pages,10,charts/error_interval | charts/errorbar_series | charts/heatmap | charts/histogram | charts/radial_progress | charts/region_map | charts/single_series | charts/sunburst | charts/table | pages/timeline,11,task_charts__error_interval__reference_containment_count | task_charts__error_interval__reference_exclusion_side_count | task_charts__errorbar_series__same_x_interval_overlap_count | task_charts__heatmap__colorbar_interval_cell_count | task_charts__histogram__bin_count_between_values | task_charts__radial_progress__progress_interval_count | task_charts__region_map__numeric_interval_region_count | task_charts__single_series__interval_value_count | task_charts__sunburst__leaf_range_count_under_parent | task_charts__table__interval_value_count | task_pages__timeline__interval_membership_count
count.interval_threshold_predicate,"count(filter(units, interval(value(interval_series, unit), lower, upper) and compare(value(threshold_series, unit), threshold, direction)))",Count units satisfying one interval predicate and one one-bound threshold predicate.,Do not merge with plain interval counts or dual one-bound threshold counts.,1,charts,1,charts/combo_mark,1,task_charts__combo_mark__interval_threshold_condition_count
count.multi_attribute_and,"count(filter(candidate_entities, all(attribute_predicate(entity, predicate) for predicate in attribute_predicates)))",Count visible entities satisfying multiple attribute predicates conjunctively.,"Do not merge with one-attribute membership, OR, XOR, exclusion, complement, scoped, or arithmetic counts.",5,games | graph | icons | pages | three_d,10,games/chess | games/rhythm | graph/node_link | icons/named_field | pages/calendar | pages/control_board | pages/record_table | three_d/object_cluster | three_d/object_scene | three_d/room,11,task_games__chess__colored_piece_kind_count | task_games__rhythm__lane_color_hit_count | task_graph__node_link__cross_color_edge_count | task_icons__named_field__multi_attribute_and_count | task_pages__calendar__marked_day_class_count | task_pages__control_board__selected_enabled_controls_in_group_count | task_pages__record_table__enabled_action_for_type_count | task_pages__record_table__selected_rows_with_status_count | task_three_d__object_cluster__multi_attribute_and_count | task_three_d__object_scene__multi_attribute_and_count | task_three_d__room__multi_attribute_and_count
count.multi_attribute_complement,"count(filter(candidate_entities, not any(attribute_predicate(entity, predicate) for predicate in attribute_predicates)))",Count visible entities satisfying none of a fixed set of attribute predicates.,Do not merge with exclusion or XOR counts.,1,icons,1,icons/named_field,1,task_icons__named_field__multi_attribute_complement_count
count.multi_attribute_exclusion,"count(filter(candidate_entities, included_attribute_predicate(entity) and not excluded_attribute_predicate(entity)))",Count visible entities satisfying one attribute predicate while excluding another.,"Do not merge with AND, OR, XOR, or complement counts.",2,icons | three_d,2,icons/named_field | three_d/object_scene,2,task_icons__named_field__multi_attribute_exclusion_count | task_three_d__object_scene__multi_attribute_exclusion_count
count.multi_attribute_or,"count(filter(candidate_entities, any(attribute_predicate(entity, predicate) for predicate in attribute_predicates)))",Count visible entities satisfying an inclusive OR across multiple attribute predicates.,Do not merge with single-axis set membership or arithmetic sums of separate counts.,2,icons | three_d,2,icons/named_field | three_d/object_scene,2,task_icons__named_field__multi_attribute_or_count | task_three_d__object_scene__multi_attribute_or_count
count.multi_attribute_xor,"count(filter(candidate_entities, exactly_one(attribute_predicate(entity, predicate) for predicate in attribute_predicates)))",Count visible entities satisfying exactly one of multiple attribute predicates.,Do not merge with inclusive OR or exclusion/complement counts.,2,icons | three_d,2,icons/named_field | three_d/object_scene,2,task_icons__named_field__multi_attribute_xor_count | task_three_d__object_scene__multi_attribute_xor_count
count.one_bound_threshold,"count(filter(units, compare(metric(unit), threshold, direction)))",Count visible units satisfying a one-bound threshold predicate.,Do not merge with interval predicates or multi-condition predicates.,2,charts | games,22,charts/bar_3d | charts/contour_density | charts/curve_panels | charts/dumbbell | charts/errorbar_series | charts/heatmap | charts/hexbin_density | charts/marker_map | charts/matrix | charts/pictogram | charts/population_pyramid | charts/radar | charts/radial_progress | charts/region_map | charts/scatter_points | charts/single_series | charts/style_legend | charts/sunburst | charts/table | games/cards | games/darts | games/dominoes,29,task_charts__bar_3d__category_threshold_count | task_charts__bar_3d__series_threshold_count | task_charts__contour_density__density_threshold_region_count | task_charts__curve_panels__panel_curve_threshold_crossing_count | task_charts__curve_panels__panel_point_threshold_count | task_charts__curve_panels__threshold_series_count | task_charts__dumbbell__absolute_gap_threshold_count | task_charts__errorbar_series__threshold_support_count | task_charts__heatmap__colorbar_threshold_cell_count | task_charts__hexbin_density__threshold_bin_count | task_charts__marker_map__marker_region_threshold_count | task_charts__matrix__threshold_cell_count | task_charts__pictogram__threshold_count | task_charts__population_pyramid__age_group_threshold_count | task_charts__radar__highlighted_metric_threshold_panel_count | task_charts__radar__threshold_metric_count_for_panel | task_charts__radial_progress__progress_threshold_count | task_charts__radial_progress__remaining_threshold_count | task_charts__region_map__continent_threshold_region_count | task_charts__region_map__numeric_threshold_region_count | task_charts__scatter_points__axis_threshold_point_count | task_charts__scatter_points__category_threshold_point_count | task_charts__single_series__threshold_value_count | task_charts__style_legend__threshold_series_count | task_charts__sunburst__leaf_threshold_count_under_parent | task_charts__table__threshold_count | task_games__cards__higher_than_reference_count | task_games__darts__threshold_score_count | task_games__dominoes__higher_sum_than_reference_count
count.pairwise_comparison,"count(filter(items, compare(value(left, item), value(right, item), direction)))",Count aligned items where one visible value/series/profile wins against another.,Do not merge with one-bound threshold counts against a fixed threshold/reference value.,1,charts,4,charts/bar_3d | charts/dumbbell | charts/multiseries | charts/radar,4,task_charts__bar_3d__pairwise_comparison_count | task_charts__dumbbell__side_winner_count | task_charts__multiseries__series_comparison_count | task_charts__radar__profile_advantage_count
count.reference_attribute_match,"count(filter(candidate_entities, attributes_match(entity, reference_entity, attribute_set)))",Count entities matching a reference entity on one or more named attributes.,Do not merge with reference metric relation counts.,1,icons,1,icons/reference_canvas,1,task_icons__reference_canvas__reference_attribute_match_count
count.reference_metric_relation,"count(filter(candidate_entities, compare(metric(entity), metric(reference_entity), relation_direction)))",Count entities whose numeric/metric attribute has a relation to a reference entity.,Do not merge with exact attribute-match reference counts.,2,icons | pages,2,icons/reference_canvas | pages/schedule,2,task_icons__reference_canvas__reference_metric_relation_count | task_pages__schedule__longer_than_reference_count
count.reference_transform_match,"count(filter(pair_cells, transform_relation(pair_cell) == reference_transform_relation))",Count pair-grid cells whose before-to-after transform relation matches a visible reference pair.,Do not merge with named color/size attribute-delta predicates.,1,icons,1,icons/pair_grid,1,task_icons__pair_grid__reference_transform_match_count
count.relation_attribute,"count(filter(candidate_entities, relation(entity, reference_or_region)=relation_mode and optional_attribute_predicate(entity)))","Count entities selected by a visible relation to another entity, region, path, or support object.",Do not merge with unscoped attribute counts or metric-reference comparisons.,4,illustrations | pages | puzzles | three_d,8,illustrations/environment | illustrations/indoor_room | illustrations/park_playground | illustrations/transit_terminal | pages/process_flow | pages/schedule | puzzles/tangram | three_d/object_scene,11,task_illustrations__environment__crossing_feature_count | task_illustrations__environment__feature_side_object_count | task_illustrations__environment__on_feature_object_count | task_illustrations__indoor_room__furniture_side_count | task_illustrations__park_playground__equipment_use_person_count | task_illustrations__transit_terminal__person_in_queue_count | task_pages__process_flow__all_cross_lane_handoff_count | task_pages__process_flow__lane_filtered_handoff_count | task_pages__schedule__overlap_count | task_puzzles__tangram__tangram_contact_count | task_three_d__object_scene__relation_attribute_count
count.scoped_attribute,"count(filter(select_scope(candidate_entities, scope_selector), attribute_value(entity, attribute_axis) in target_values))","Count visible entities after selecting a spatial or structural scope, then applying an attribute selector.",Do not merge with unscoped attribute counts or group-level predicate counts.,7,charts | geometry | icons | illustrations | pages | puzzles | three_d,17,charts/region_map | geometry/coordinate_plane | icons/named_field | icons/named_grid | icons/named_ring | icons/venn_field | illustrations/construction_site | illustrations/indoor_room | illustrations/library | illustrations/park_playground | illustrations/transit_terminal | pages/concept_map | pages/control_board | pages/hierarchy | pages/record_table | puzzles/cell_board | three_d/warehouse,21,task_charts__region_map__continent_category_region_count | task_charts__region_map__continent_region_count | task_geometry__coordinate_plane__same_quadrant_point_count | task_icons__named_field__scoped_attribute_count | task_icons__named_grid__scoped_attribute_count | task_icons__named_ring__scoped_attribute_count | task_icons__venn_field__scoped_attribute_count | task_illustrations__construction_site__equipment_zone_count | task_illustrations__indoor_room__surface_object_count | task_illustrations__library__books_in_section_count | task_illustrations__library__filtered_book_in_section_count | task_illustrations__park_playground__area_person_count | task_illustrations__transit_terminal__luggage_in_boarding_area_count | task_illustrations__transit_terminal__person_in_boarding_area_count | task_pages__concept_map__marked_child_count | task_pages__control_board__disabled_controls_in_group_count | task_pages__hierarchy__subtree_descendant_count | task_pages__hierarchy__subtree_leaf_count | task_pages__record_table__value_threshold_in_group_count | task_puzzles__cell_board__scoped_attribute_count | task_three_d__warehouse__scoped_attribute_count
count.sequence_or_line_pattern,"count(sequence_or_line_patterns(board_or_series, rule))","Count contiguous runs, lines, streaks, or pattern instances.",Do not merge with unordered object counts.,2,charts | games,2,charts/single_series | games/bingo,2,task_charts__single_series__turning_point_count | task_games__bingo__near_complete_line_count
count.set_overlap_cardinality,"count(intersection(select_top_k(set_a, metric_a, k), select_top_k(set_b, metric_b, k)))",Construct two ranked/filtered sets and count their overlap.,Do not merge with direct single-set counts or aggregate-value tasks.,1,charts,1,charts/dashboard,1,task_charts__dashboard__top_k_overlap_count
count.set_relation,"count(filter(panel_icons, set_relation(left_panel, right_panel, icon) == relation_mode))",Count icons by their set relation across paired panels.,Do not merge with tracked-identity attribute or movement change counts.,1,icons,1,icons/paired_canvas,1,task_icons__paired_canvas__panel_set_relation_count
count.single_attribute_membership,"count(filter(candidate_entities, attribute_value(entity, attribute_axis) in target_values))",Count visible entities selected by membership on one attribute axis.,"Do not merge with multi-attribute Boolean, scoped, relation, arithmetic, or counterfactual count programs.",8,charts | games | graph | icons | illustrations | pages | puzzles | three_d,25,charts/region_map | charts/table | games/battleship | games/chess | games/crossing | games/darts | games/platformer | games/pool | games/rhythm | games/ultimate_tictactoe | graph/metro | graph/node_link | icons/named_field | illustrations/construction_site | illustrations/environment | illustrations/park_playground | illustrations/pixel_village | pages/process_flow | pages/schema | puzzles/cell_board | puzzles/string_topology | puzzles/voxel_cube | puzzles/word_search | three_d/object_cluster | three_d/object_scene,28,task_charts__region_map__categorical_region_count | task_charts__table__categorical_value_count | task_games__battleship__ship_status_count | task_games__chess__piece_kind_count | task_games__crossing__moving_object_count | task_games__darts__ring_count | task_games__platformer__collectible_count | task_games__pool__group_ball_count | task_games__rhythm__lane_hit_count | task_games__ultimate_tictactoe__small_board_status_count | task_graph__metro__station_membership_count | task_graph__node_link__edge_color_count | task_graph__node_link__edge_text_count | task_graph__node_link__node_color_count | task_icons__named_field__single_attribute_membership_count | task_illustrations__construction_site__worker_attribute_count | task_illustrations__environment__lit_window_count | task_illustrations__park_playground__activity_person_count | task_illustrations__park_playground__playground_equipment_count | task_illustrations__pixel_village__object_type_count | task_pages__process_flow__filtered_node_count | task_pages__schema__field_role_count | task_puzzles__cell_board__single_attribute_membership_count | task_puzzles__string_topology__string_component_count | task_puzzles__voxel_cube__cube_painted_face_count | task_puzzles__word_search__search_letter_count_value | task_three_d__object_cluster__single_attribute_membership_count | task_three_d__object_scene__single_attribute_membership_count
counterfactual.transform_then_answer,"answer(transform(scene_state, edit), query)",Apply a specified hypothetical edit before computing the answer.,Do not merge with direct readout/count tasks without a scene transform.,3,charts | graph | puzzles,4,charts/candlestick | charts/waterfall | graph/node_link | puzzles/counterfactual_board,6,task_charts__candlestick__counterfactual_close_value | task_charts__waterfall__remove_step_final_total | task_charts__waterfall__reverse_step_final_total | task_graph__node_link__isolated_after_removal_count | task_puzzles__counterfactual_board__board_dimension_count | task_puzzles__counterfactual_board__board_line_count
formula.solve_unknown,"solve_formula(scene_measurements, unknown_role, formula_schema)",Use a domain formula/rule schema to solve a numeric unknown.,Do not merge across formula schemas that require different intermediate geometric/physical quantities.,2,geometry | physics,44,geometry/area_partition | geometry/bearing_route | geometry/circle_centerline_overlap | geometry/circle_pair_tangents | geometry/circle_theorem | geometry/composite_shape | geometry/concentric_chord | geometry/container_volume_transfer | geometry/cuboid_views | geometry/cylinder_wrap | geometry/graph_paper | geometry/incircle_tangents | geometry/marked_polygon_equation | geometry/measuring_tools | geometry/paper_fold | geometry/parallel_segment_proportion | geometry/pythagorean_dissection | geometry/pythagorean_tree | geometry/rectangular_solid | geometry/regular_polygon_decomposition | geometry/right_triangle_altitude_theorem | geometry/sector | geometry/similar_figure_measure_transfer | geometry/solid_cross_section | geometry/solid_formula | geometry/solid_revolution | geometry/special_quadrilateral | geometry/split_triangle_trig_chain | geometry/survey_traverse | geometry/trapezoid_extension | geometry/triangle_congruence_correspondence | geometry/triangle_relations | geometry/volume_equivalence_conversion | geometry/wire_shape_conversion | physics/analog_meter | physics/bridge_circuit | physics/buoyancy_density | physics/gear_train | physics/graduated_cylinder | physics/motion_graph | ...,106,task_geometry__area_partition__total_area_value | task_geometry__bearing_route__endpoint_position_label | task_geometry__bearing_route__final_bearing_value | task_geometry__circle_centerline_overlap__segment_length_value | task_geometry__circle_pair_tangents__center_distance_value | task_geometry__circle_pair_tangents__common_tangent_length_value | task_geometry__circle_theorem__diameter_perpendicular_chord_length_value | task_geometry__circle_theorem__intersecting_chords_arc_measure_value | task_geometry__circle_theorem__secant_secant_length_value | task_geometry__circle_theorem__tangent_radius_right_triangle_length_value | task_geometry__circle_theorem__tangent_secant_length_value | task_geometry__composite_shape__composite_area_value | task_geometry__composite_shape__house_outline_perimeter | task_geometry__composite_shape__missing_width_from_semicircle_cap_area | task_geometry__composite_shape__missing_width_from_semicircle_cutout_area | task_geometry__composite_shape__rectangle_quarter_sector_cutout_area | task_geometry__composite_shape__rectangle_quarter_sector_cutout_perimeter | task_geometry__composite_shape__rectangle_semicircle_cap_area | task_geometry__composite_shape__rectangle_semicircle_cap_perimeter | task_geometry__composite_shape__rectangle_semicircle_cutout_area | task_geometry__composite_shape__rectangle_semicircle_cutout_perimeter | task_geometry__composite_shape__tabbed_rectilinear_perimeter | task_geometry__concentric_chord__chord_length_from_radii | task_geometry__concentric_chord__inner_radius_from_chord | task_geometry__container_volume_transfer__resulting_height_value | task_geometry__container_volume_transfer__target_capacity_value | task_geometry__container_volume_transfer__transferred_volume_value | task_geometry__cuboid_views__cuboid_projection_surface_area_value | task_geometry__cylinder_wrap__surface_path_length_value | task_geometry__graph_paper__circle_circumference_value | task_geometry__graph_paper__ellipse_area_value | task_geometry__graph_paper__line_slope_value | task_geometry__graph_paper__polygon_area_value | task_geometry__graph_paper__polygon_perimeter_value | task_geometry__incircle_tangents__incircle_radius_from_area_value | task_geometry__incircle_tangents__incircle_tangent_perimeter_value | task_geometry__marked_polygon_equation__side_length_value | task_geometry__marked_polygon_equation__side_variable_value | task_geometry__measuring_tools__shape_length_value_circle_radius_ruler_reading | task_geometry__measuring_tools__shape_length_value_polygon_side_ruler_reading | ...
game.constraint_candidate_count,"count(filter(candidate_values_or_cells, satisfies_game_constraint(candidate, puzzle_state)))",Count candidates or constraint-derived values in a rule-constrained game board.,Do not merge with static attribute counts or legal move counts.,1,games,1,games/minesweeper,2,task_games__minesweeper__forced_cell_count | task_games__minesweeper__satisfied_clue_count
game.legal_or_safe_action_count,"count(filter(candidate_actions, game_rule_allows_or_satisfies(action, rule_mode)))","Count visible candidate actions/moves satisfying a game legality, safety, or immediate-tactic rule.",Do not merge with static piece/object attribute counts or simulated board-effect counts.,1,games,15,games/backgammon | games/checkers | games/chess | games/chess_variant | games/circular_chess | games/connect_four | games/dominoes | games/dots_and_boxes | games/irregular_link_board | games/radial_hunt_board | games/reversi | games/sixteen_soldiers | games/snake | games/solitaire | games/space_shooter,23,task_games__backgammon__blocked_destination_count | task_games__backgammon__legal_move_count | task_games__checkers__move_count | task_games__chess__king_escape_square_count | task_games__chess__marked_piece_destination_count | task_games__chess__player_capture_piece_count | task_games__chess_variant__marked_piece_destination_count | task_games__circular_chess__marked_piece_destination_count | task_games__connect_four__safe_move_count | task_games__connect_four__winning_move_count | task_games__dominoes__extendable_first_play_count | task_games__dominoes__matching_end_count | task_games__dominoes__second_play_candidate_count | task_games__dots_and_boxes__capture_move_count | task_games__irregular_link_board__capture_move_count | task_games__irregular_link_board__marked_piece_destination_count | task_games__radial_hunt_board__capture_move_count | task_games__radial_hunt_board__marked_piece_destination_count | task_games__reversi__legal_destination_count | task_games__sixteen_soldiers__marked_piece_destination_count | task_games__snake__safe_direction_count | task_games__solitaire__foundation_ready_count | task_games__space_shooter__clear_shot_count
game.pattern_or_state_count,"count(filter(game_units, game_pattern_or_state(unit)=target_rule_state))",Count game units satisfying a board/card/rule pattern or state predicate.,Do not merge with legal-action or simulated-effect counts.,1,games,10,games/bingo | games/brick_breaker | games/cards | games/dominoes | games/dots_and_boxes | games/hex | games/nine_mens_morris | games/rule_override_board | games/solitaire | games/space_shooter,12,task_games__bingo__completed_line_count | task_games__brick_breaker__hit_row_remaining_count | task_games__cards__exact_triple_count | task_games__dominoes__double_count | task_games__dominoes__sum_to_target_count | task_games__dots_and_boxes__three_sided_box_count | task_games__hex__connection_gap_count | task_games__nine_mens_morris__pieces_in_mill_count | task_games__rule_override_board__line_result_count | task_games__rule_override_board__piece_result_count | task_games__solitaire__tableau_sequence_count | task_games__space_shooter__safe_lane_count
game.reference_or_route_relation_count,"count(filter(game_units, relation_to_reference_or_route(unit, reference_or_route)=target_relation))","Count game units selected by relation to a reference item, marked group, shot line, or route.",Do not merge with unreferenced attribute counts or legal-action counts.,1,games,5,games/cards | games/go | games/pacman | games/pool | games/space_shooter,7,task_games__cards__same_suit_as_reference_count | task_games__go__group_adjacent_enemy_count | task_games__go__group_liberty_count | task_games__pacman__path_pellet_count | task_games__pacman__pellet_count_before_ghost | task_games__pool__blocking_ball_count | task_games__space_shooter__projectile_intercept_count
game.simulated_effect_count,"count(effect_events(simulate(game_state, marked_action)))",Simulate a marked game action and count the resulting effect events.,Do not merge with static counts or legal-action counting.,1,games,3,games/bubble_shooter | games/marble_chain | games/reversi,4,task_games__bubble_shooter__drop_count | task_games__bubble_shooter__pop_count | task_games__marble_chain__shot_effect_value | task_games__reversi__marked_move_flip_count
geometry.classified_entity_count,"count(filter(geometric_entities, classification(entity, classification_axis)=target_class))",Count visible geometric entities after applying a geometry-specific classification rule.,Do not merge with raw object-type counts or formula-solving tasks.,1,geometry,1,geometry/graph_paper,5,task_geometry__graph_paper__angle_type_count | task_geometry__graph_paper__polygon_convexity_count | task_geometry__graph_paper__quadrilateral_type_count | task_geometry__graph_paper__shape_type_count | task_geometry__graph_paper__triangle_type_count
geometry.function_feature_count,"count(filter(function_graph_features, feature_type=target_feature_type))",Count qualitative feature points on a visible function graph.,Do not merge with generic object counts or formula-solving tasks.,1,geometry,1,geometry/function_graph,2,task_geometry__function_graph__extremum_count_local_extremum_count | task_geometry__function_graph__extremum_count_turning_point_count
geometry.region_membership_count,"count(filter(points, region_membership(point, target_region)=target_membership))",Count points satisfying a visible geometric region-membership predicate.,Do not merge with line/segment relation counts or formula-solving tasks.,1,geometry,1,geometry/coordinate_plane,1,task_geometry__coordinate_plane__point_in_polygon_count
geometry.region_membership_selection,"select_point_satisfying_region_predicate(point_options, geometric_region_rule)",Choose a point/label satisfying a visible geometric region predicate.,Do not merge with formula-derived coordinate computation.,1,geometry,1,geometry/coordinate_plane,2,task_geometry__coordinate_plane__locus_panel_match_label | task_geometry__coordinate_plane__locus_point_label
geometry.relation_count,"count(filter(geometric_entities, relation(entity, reference_geometry)=target_relation))",Count visible geometric entities satisfying a geometric relation to a reference object.,Do not merge with raw object-type counts or formula-solving tasks.,1,geometry,2,geometry/coordinate_plane | geometry/shape_gallery,4,task_geometry__coordinate_plane__collinear_point_count | task_geometry__coordinate_plane__segment_relation_count | task_geometry__shape_gallery__congruent_count | task_geometry__shape_gallery__similar_count
graph.bst_path_terminal_label,"label(follow_bst_path(binary_search_tree, query_key, operation_mode).terminal_node)",Follow BST comparison decisions from the root to the terminal node for a search or insert-position query.,"Do not merge with traversal order, local relation lookup, or heap-property violation tasks.",1,graph,1,graph/binary_tree,1,task_graph__binary_tree__bst_path_operation_label
graph.common_related_node_count,"count(intersection(relation_set(graph, reference_a, relation_mode), relation_set(graph, reference_b, relation_mode)))","Count nodes in the intersection of two relation sets: common neighbors, common successors, or common predecessors for two queried nodes.","Do not merge with single-reference adjacency counts, degree counts, or path-derived relation tasks.",1,graph,1,graph/node_link,1,task_graph__node_link__common_related_node_count
graph.component_count_or_size,"component_analysis(graph, component_scope).count_or_size()",Construct connected components before returning a component count or size.,"Do not merge with local degree, path, cut-structure, or simple attribute-count programs.",1,graph,2,graph/adjacency | graph/node_link,5,task_graph__adjacency__directed_strong_component_count | task_graph__adjacency__undirected_component_count | task_graph__node_link__component_size_after_edge_edit | task_graph__node_link__largest_component_size | task_graph__node_link__same_component_count
graph.component_membership_or_size,"connected_components(graph, edit_or_scope).select(component_property)",Construct connected components before selecting or counting a component property.,Do not merge with local degree or path programs.,1,puzzles,1,puzzles/cell_board,1,task_puzzles__cell_board__largest_component_size
graph.cut_structure_count,"count(cut_structures(graph, cut_structure_kind))",Count graph structures whose removal or cut property changes connectivity/flow.,"Do not merge with component counting, degree filters, or simple attribute counts.",1,graph,3,graph/flow_network | graph/node_link | graph/pipe_network,4,task_graph__flow_network__min_cut_edge_count | task_graph__node_link__articulation_point_count | task_graph__node_link__bridge_count | task_graph__pipe_network__bridge_count
graph.cycle_structure_size,"cycle_structure(graph, query_scope).size()",Identify a graph cycle structure and return its size.,Do not merge with generic connected-component size or path-length programs.,1,graph,1,graph/node_link,2,task_graph__node_link__largest_chordless_cycle_size | task_graph__node_link__unique_cycle_size
graph.degree_filter_count,"count(filter(nodes(transform_optional(graph, edit)), compare(degree_metric(node), degree_target, comparator)))","Count nodes satisfying a degree predicate, optionally after a graph edit.","Do not merge with direct attribute counts, component analysis, or reachability programs.",1,graph,1,graph/node_link,2,task_graph__node_link__degree_after_removal_filter_count | task_graph__node_link__degree_value_filter_count
graph.maximum_flow,"max_flow(flow_network, source, sink)",Compute maximum feasible source-sink flow.,Do not merge with path-total or cut-count tasks.,1,graph,1,graph/flow_network,1,task_graph__flow_network__max_flow_value
graph.minimum_spanning_tree,minimum_spanning_tree(weighted_graph),Construct or score a minimum spanning tree.,Do not merge with shortest path or flow/cut programs.,1,graph,2,graph/adjacency | graph/node_link,2,task_graph__adjacency__mst_weight | task_graph__node_link__mst_weight
graph.node_property_count,"count(filter(tree_nodes, tree_node_property(node)=target_property_value))",Count tree nodes by a structural node property such as depth or child structure.,Do not merge with visual node color/text counts or traversal/path programs.,1,graph,1,graph/binary_tree,2,task_graph__binary_tree__child_structure_node_count | task_graph__binary_tree__depth_level_node_count
graph.path_distance_filter_count,"count(filter(nodes, shortest_path_length(graph, reference_node, node)=target_distance))",Count graph nodes at an exact path distance from a reference node.,Do not merge with simple route membership counts or shortest-path value tasks.,1,graph,2,graph/metro | graph/pipe_network,2,task_graph__metro__exact_distance_station_count | task_graph__pipe_network__pipe_exact_distance_count
graph.topological_order,topological_order(directed_acyclic_graph),Reason over a valid topological ordering.,Do not merge with reachability or path traversal.,1,graph,1,graph/node_link,1,task_graph__node_link__topological_position_value
graph.transfer_count,"count(transfers(shortest_transfer_path(route_network, source, via, target)))",Count transfer events along a constrained route path.,"Do not merge with membership, exact-distance, or shortest-path length counts.",1,graph,1,graph/metro,1,task_graph__metro__transfer_count
graph.traversal_order,"traverse(graph, start, traversal_rule)",Follow a specified graph traversal order.,Do not merge BFS and DFS if the traversal rule is not a parameter inside one task.,1,graph,2,graph/adjacency | graph/binary_tree,2,task_graph__adjacency__traversal_kth_label | task_graph__binary_tree__traversal_kth_label
lookup.role_bound_label,"lookup_label(role_bound_visible_record, requested_field_or_target)",Read a role-bound label from a visible structured record.,Do not merge with ranked selection or option-image matching.,1,pages,8,pages/command_matrix | pages/infographic | pages/mixed_infographic_page | pages/navigation_flow | pages/profile_card_grid | pages/ranked_list | pages/step_list | pages/web_action,14,task_pages__command_matrix__command_intent_target_label | task_pages__infographic__detail_for_named_item | task_pages__infographic__item_for_named_value | task_pages__infographic__value_for_named_item | task_pages__mixed_infographic_page__module_two_field_condition_item_label | task_pages__navigation_flow__menu_path_target_label | task_pages__navigation_flow__sidebar_tree_target_label | task_pages__profile_card_grid__profile_for_field_value | task_pages__profile_card_grid__value_for_named_profile_field | task_pages__ranked_list__entry_after_named_entry_label | task_pages__step_list__step_after_named_step_label | task_pages__step_list__step_for_detail_label | task_pages__web_action__click_target_label | task_pages__web_action__type_field_label
numeric.aggregate_sum,sum(values(selected_support)),Sum or total values over a selected support set.,"Do not merge with difference, ratio, or counterfactual programs.",3,charts | geometry | pages,17,charts/area | charts/bar_3d | charts/dashboard | charts/histogram | charts/part_whole | charts/pictogram | charts/radial_sankey | charts/region_map | charts/sankey | charts/small_multiple | charts/sunburst | charts/treemap | charts/waterfall | geometry/circle_polygon_composite | pages/form_section | pages/infographic | pages/mixed_infographic_page,26,task_charts__area__interval_area_value | task_charts__area__stacked_band_interval_sum_value | task_charts__bar_3d__category_total_value | task_charts__bar_3d__series_category_scope_total_value | task_charts__dashboard__dual_source_target_sum_value | task_charts__histogram__interval_mass | task_charts__part_whole__contiguous_chart_order_sum | task_charts__part_whole__positional_segment_share_sum | task_charts__pictogram__category_total_value | task_charts__radial_sankey__transfer_total_value | task_charts__region_map__group_filtered_region_value | task_charts__region_map__named_region_set_total_value | task_charts__sankey__node_side_total_value | task_charts__sankey__source_to_target_total_flow | task_charts__small_multiple__conditioned_panel_sum_from_percent | task_charts__small_multiple__top_k_by_segment_then_sum_other_segment_count | task_charts__sunburst__parent_total_value | task_charts__treemap__group_total_value | task_charts__waterfall__running_total_value | task_geometry__circle_polygon_composite__tangential_quadrilateral_side_sum_value | task_pages__form_section__sum_two_amounts_in_section_value | task_pages__infographic__section_icon_total_value | task_pages__infographic__section_total_except_named_value | task_pages__infographic__sum_named_metrics_value | task_pages__mixed_infographic_page__module_field_total_value | task_pages__mixed_infographic_page__two_module_field_total_comparison_module_label
numeric.count_arithmetic,"combine(count(selector_a), count(selector_b), arithmetic_op)",Combine two selector counts with a sampled arithmetic operation.,"Do not merge with Boolean OR, direct single-selector counts, or counterfactual counts.",1,icons,1,icons/named_field,1,task_icons__named_field__count_arithmetic
numeric.derived_metric,"derive_metric(values(selected_support), operation)","Compute a derived metric such as ratio, rate, percent/share conversion, or angle conversion.",Do not merge with direct value lookup or simple sum.,4,charts | geometry | pages | puzzles,20,charts/part_whole | charts/single_series | geometry/angle_relations | geometry/circle_polygon_composite | geometry/circle_theorem | geometry/composite_shape | geometry/cone_net | geometry/graph_paper | geometry/marked_polygon_equation | geometry/measuring_tools | geometry/polygon_angle_chase | geometry/regular_polygon_decomposition | geometry/sector | geometry/special_quadrilateral | geometry/split_triangle_angle_chase | geometry/survey_traverse | geometry/triangle_congruence_correspondence | geometry/triangle_relations | pages/infographic | puzzles/arithmetic_constraint,63,task_charts__part_whole__chart_order_share_to_count | task_charts__part_whole__sector_share_to_angle | task_charts__part_whole__subset_denominator_share_value | task_charts__single_series__interval_rate_value | task_charts__single_series__target_share_after_removal | task_geometry__angle_relations__algebraic_angle_value_triangle_double_extension_expression | task_geometry__angle_relations__algebraic_angle_value_triangle_single_extension_expression | task_geometry__angle_relations__parallel_supplement_angle | task_geometry__angle_relations__triangle_exterior_angle | task_geometry__circle_polygon_composite__square_circle_tangent_angle_value | task_geometry__circle_theorem__chord_length_from_radius_central_angle_value | task_geometry__circle_theorem__chord_length_from_radius_inscribed_angle_value | task_geometry__circle_theorem__cyclic_quadrilateral_angle_value | task_geometry__circle_theorem__external_secant_angle_value | task_geometry__circle_theorem__inscribed_angle_value_central_angle_from_inscribed | task_geometry__circle_theorem__inscribed_angle_value_inscribed_angle_from_arc | task_geometry__circle_theorem__inscribed_angle_value_inscribed_angle_from_central | task_geometry__circle_theorem__multi_step_angle_value | task_geometry__circle_theorem__tangent_chord_angle_value_tangent_chord_angle_from_arc | task_geometry__circle_theorem__tangent_chord_angle_value_tangent_chord_angle_from_inscribed | task_geometry__composite_shape__sector_angle_from_arc_length | task_geometry__composite_shape__sector_angle_from_area | task_geometry__cone_net__base_radius_from_sector_angle | task_geometry__cone_net__height_from_sector_angle | task_geometry__graph_paper__angle_value | task_geometry__marked_polygon_equation__angle_value | task_geometry__marked_polygon_equation__angle_variable_value | task_geometry__measuring_tools__shape_angle_value_quadrilateral_vertex_protractor_reading | task_geometry__measuring_tools__shape_angle_value_triangle_vertex_protractor_reading | task_geometry__polygon_angle_chase__parallel_line_angle_value | task_geometry__polygon_angle_chase__polygon_interior_angle_value | task_geometry__polygon_angle_chase__symmetry_angle_value | task_geometry__regular_polygon_decomposition__central_angle_value | task_geometry__sector__angle_from_sector_measure_angle_from_arc_length_and_radius | task_geometry__sector__angle_from_sector_measure_angle_from_area_and_radius | task_geometry__sector__arc_length_value_arc_length_from_radius_and_supplement_angle | task_geometry__sector__related_angle_from_sector_measure_complement_angle_from_arc_length | task_geometry__sector__related_angle_from_sector_measure_remaining_angle_from_sector_measure | task_geometry__sector__related_angle_from_sector_measure_supplement_angle_from_area | task_geometry__sector__sector_area_value_area_from_radius_and_complement_angle | task_geometry__special_quadrilateral__algebraic_angle_value | ...
numeric.difference_or_change,"difference(value(source_a), value(source_b), mode)",Compute a numeric difference/change between two selected supports.,Do not merge with aggregate totals or ratio/rate programs.,4,charts | geometry | pages | physics,18,charts/annotated_series | charts/bar_3d | charts/combo_mark | charts/part_whole | charts/pictogram | charts/sankey | charts/scatter_readout | charts/single_series | charts/small_multiple | charts/style_legend | charts/table | geometry/tangent_packing | pages/form_section | pages/infographic | pages/paired_forms | pages/timeline | physics/circuit_state_change | physics/manometer,29,task_charts__annotated_series__callout_endpoint_change_value | task_charts__bar_3d__category_total_gap_value | task_charts__bar_3d__series_total_gap_value | task_charts__combo_mark__cross_mark_difference_value | task_charts__part_whole__adjacent_transfer_gap_value | task_charts__pictogram__group_difference_value | task_charts__sankey__path_flow_difference | task_charts__scatter_readout__series_pair_value_gap_at_x | task_charts__single_series__baseline_from_aggregate_percent_change | task_charts__single_series__endpoint_change_value | task_charts__small_multiple__composition_shift_l1_distance | task_charts__style_legend__pairwise_gap_value | task_charts__table__absolute_difference_between_rows_over_year_interval | task_charts__table__sum_absolute_differences_between_rows_over_year_interval | task_geometry__tangent_packing__circle_in_square_gap_area | task_geometry__tangent_packing__circle_in_square_radius_from_gap_area | task_geometry__tangent_packing__square_in_circle_gap_area | task_geometry__tangent_packing__square_in_circle_side_from_gap_area | task_geometry__tangent_packing__two_circles_in_rectangle_gap_area | task_geometry__tangent_packing__two_circles_in_rectangle_radius_from_gap_area | task_pages__form_section__difference_two_amounts_in_section_value | task_pages__form_section__sum_minus_amount_in_section_value | task_pages__infographic__section_icon_total_difference_value | task_pages__infographic__section_total_extrema_difference_value | task_pages__paired_forms__sum_absolute_quantity_differences_value | task_pages__paired_forms__total_amount_delta_value | task_pages__timeline__event_date_gap_value | task_physics__circuit_state_change__bulb_brightness_change_label | task_physics__manometer__pressure_difference_value
numeric.direct_or_derived_value,"compute_value(selected_support, query_parameters)",Return a numeric value computed from selected visible support.,Do not merge with counting or label-selection tasks.,7,charts | games | graph | icons | misc | pages | puzzles,20,charts/dashboard | charts/scatter_readout | charts/scientific_axis_frame | games/ludo_board | games/pacman | games/pinball_table | games/platformer | games/snake | games/solitaire | games/space_shooter | games/tetris | graph/node_link | icons/named_strip | misc/abacus_readout | pages/comparison_panel | pages/hero_callout_infographic | pages/mixed_infographic_page | pages/paired_forms | puzzles/balance_scale | puzzles/sudoku,21,task_charts__dashboard__source_rank_target_value | task_charts__scatter_readout__series_y_anchor_other_series_value | task_charts__scientific_axis_frame__axis_span_value | task_charts__scientific_axis_frame__tick_spacing_value | task_games__ludo_board__winning_roll_value | task_games__pacman__route_score_value | task_games__pinball_table__path_score_value | task_games__platformer__jump_collectible_score_value | task_games__snake__shortest_food_path_length | task_games__solitaire__same_suit_run_length_value | task_games__space_shooter__clear_shot_score_value | task_games__tetris__drop_collision_time_value | task_graph__node_link__named_node_degree_value | task_icons__named_strip__shape_run_length | task_misc__abacus_readout__displayed_value_readout | task_pages__comparison_panel__side_attribute_value_label | task_pages__hero_callout_infographic__callout_field_value_label | task_pages__mixed_infographic_page__module_field_value_label | task_pages__paired_forms__shortfall_minus_overage_value | task_puzzles__balance_scale__missing_object_weight_value | task_puzzles__sudoku__marked_cell_value
numeric.extreme_metric_value,"value(arg_extreme(items, metric, direction))",Select an extreme item and return its numeric metric.,Do not merge with label-returning extremum tasks when answer schema differs.,4,charts | games | graph | puzzles,5,charts/sankey | games/bingo | games/tetris | graph/node_link | puzzles/cell_board,5,task_charts__sankey__path_bottleneck_value | task_games__bingo__line_sum_extremum_value | task_games__tetris__line_clear_count | task_graph__node_link__degree_extremum_value | task_puzzles__cell_board__minimum_color_set_distance_value
numeric.ranked_difference,"difference(select_by_rank(items, metric, rank_a), select_by_rank(items, metric, rank_b))","Rank items by a metric, then compute a difference between selected ranked items.",Do not merge with direct extremum label selection.,1,charts,3,charts/bar_3d | charts/boxplot | charts/dashboard,4,task_charts__bar_3d__category_extremum_gap_value | task_charts__boxplot__median_rank_difference_value | task_charts__dashboard__shared_label_rank_gap_extremum | task_charts__dashboard__source_rank_difference_value
numeric.ranked_value,"value(select_by_rank(items, metric, rank))",Select an item by rank under a metric/order and return its numeric value.,Do not merge with label-returning ranked selection when answer schema differs.,1,charts,2,charts/histogram | charts/single_series,2,task_charts__histogram__cumulative_rank_bin_label | task_charts__single_series__order_statistic_value
numeric.selected_label_value,"integer_label(select_item(items, selection_rule))",Select a visible item or group by rule and return its numeric label/index.,Do not merge with tasks returning the selected metric itself or a string label.,1,games,1,games/rhythm,2,task_games__rhythm__earliest_hit_lane_label | task_games__rhythm__most_hits_lane_label
numeric.summary_statistic,"summary_statistic(values(selected_support), statistic)","Apply a sampled summary/aggregate statistic such as sum, mean, median, or average over selected visible values.","Do not merge with tasks that add a different selection, filter, or nested aggregation stage.",2,charts | geometry,6,charts/single_series | charts/small_multiple | charts/table | charts/treemap | geometry/function_graph | geometry/triangle_relations,8,task_charts__single_series__remaining_mean_after_removal | task_charts__small_multiple__average_top_k_minus_average_bottom_k | task_charts__table__column_summary_value | task_charts__table__filtered_column_mean | task_charts__treemap__repeated_leaf_aggregate_value | task_geometry__function_graph__average_rate_value | task_geometry__triangle_relations__centroid_median_segment_value_centroid_vertex_segment_length | task_geometry__triangle_relations__centroid_median_segment_value_centroid_whole_median_length
optimization.max_reachable_value,"argmax_value(action_sequence, transition_rule, objective)",Choose actions under visible transition rules to maximize a reachable numeric outcome.,Do not merge with direct one-step transition readout.,1,games,1,games/snakes_ladders,1,task_games__snakes_ladders__best_roll_value
optimization.maximum_nonoverlap_count,count(maximum_non_overlapping_events(schedule_events)),Compute the size of a maximum non-overlapping event subset.,Do not merge with direct schedule event counts or pairwise overlap counts.,1,pages,1,pages/schedule,1,task_pages__schedule__maximum_non_overlapping_count
path.longest_path_value,"longest_path(scene_graph, source, target)",Find an optimal longest path under the scene's constraints.,Do not merge with shortest path; the optimization objective differs.,2,games | graph,2,games/checkers | graph/node_link,2,task_games__checkers__max_capture_chain_length | task_graph__node_link__longest_path_length
path.path_length_count,"count(edges(path_between(source_node, target_node)))",Count edge steps along a visible hierarchy/tree path between two nodes.,Do not merge with entity counting or maximum non-overlap scheduling.,1,pages,1,pages/hierarchy,1,task_pages__hierarchy__path_length_count
path.route_cost,"route_cost(path, terrain_or_resource_weights)",Trace a visible route and aggregate its movement/resource cost.,Do not merge with shortest-path optimization or unweighted route endpoint lookup.,1,games,1,games/minecraft,1,task_games__minecraft__resource_route_cost
path.route_following_label,"follow_route(scene_map, start, instruction_sequence).select_label(role)",Follow an explicit visible route/instruction sequence and return a label.,Do not merge with graph shortest-path or free nearest-object selection.,1,pages,1,pages/map,2,task_pages__map__destination_after_directions_label | task_pages__map__landmark_after_route_step_label
path.shortest_path_value,"shortest_path(scene_graph, source, target)",Find an optimal shortest path or its length over an explicit graph-like scene.,"Do not merge with reachability, longest path, route-following, or arbitrary ordered-path lookup.",3,games | graph | puzzles,5,games/sokoban | graph/metro | graph/node_link | graph/pipe_network | puzzles/cell_board,6,task_games__sokoban__shortest_path_sequence_label | task_graph__metro__shortest_path_length | task_graph__node_link__shortest_path_first_edge_label | task_graph__node_link__shortest_path_length | task_graph__pipe_network__shortest_path_length | task_puzzles__cell_board__shortest_path_length_value
physics.direction_or_sign_rule,"apply_physics_direction_rule(diagram, queried_location_or_process)",Use a physics sign/direction rule over the diagram.,Do not merge with numeric formula solving.,1,physics,2,physics/free_body_forces | physics/wire_magnetism,2,task_physics__free_body_forces__net_force_direction_choice | task_physics__wire_magnetism__wire_field_direction_choice
physics.electric_field_direction_choice,"option_letter(direction(net_electric_field(charges, point), mode))",Compute a net electric-field or force direction at a marked point.,Do not merge with scalar potential or zero-field candidate selection.,1,physics,1,physics/electrostatic_field,1,task_physics__electrostatic_field__field_direction_choice
physics.electric_potential_value,"sum(point_charge_potential(charges, point, constant_policy))",Compute scalar electric potential at a marked point from visible point charges.,Do not merge with vector field direction or zero-field selection.,1,physics,1,physics/electrostatic_field,1,task_physics__electrostatic_field__potential_value
physics.electric_zero_field_selection,"option_letter(select(candidate_points, net_electric_field(charges, candidate)=zero))",Select the candidate point where the net electric field is zero.,Do not merge with scalar potential or field-direction tasks.,1,physics,1,physics/electrostatic_field,1,task_physics__electrostatic_field__zero_field_point_label
physics.equivalent_circuit_value,"equivalent_component_value(component_network, component_kind, topology)",Compute an equivalent resistor/capacitor value from a visible series-parallel circuit topology.,"Do not merge resistance and capacitance public tasks unless the formula schema, answer/annotation contract, and component kind stay identical.",1,physics,1,physics/circuit_equivalent,2,task_physics__circuit_equivalent__total_capacitance_value | task_physics__circuit_equivalent__total_resistance_value
physics.extension_difference_value,abs(extension_a - extension_b),Compute an absolute difference between two visible spring extensions.,Do not merge with missing-value Hooke-law solving.,1,physics,1,physics/spring,1,task_physics__spring__spring_extension_difference
physics.fluid_flow_continuity_speed,"solve_continuity_speed(area_1, speed_1, area_2, speed_2, unknown_speed_slot)",Solve one missing flow speed from visible two-station area and speed labels using A1*v1 = A2*v2.,Do not merge with Bernoulli pressure-speed tasks or unrelated missing-value formulas.,1,physics,1,physics/fluid_flow,1,task_physics__fluid_flow__continuity_speed_value
physics.hooke_law_solve,"solve_hooke_ratio(reference_weight, reference_extension, query_weight, query_extension, unknown_slot)",Solve a missing spring weight or extension using proportional Hooke-law behavior.,Do not merge with direct extension-difference arithmetic.,1,physics,1,physics/spring,1,task_physics__spring__spring_missing_value
physics.lorentz_force_direction_choice,"option_letter(direction(charge_sign * cross(velocity, magnetic_field)))",Apply the Lorentz-force right-hand-rule with charge sign to choose a force direction.,Do not merge with generic option selection or unrelated direction rules.,1,physics,1,physics/magnetic_force,1,task_physics__magnetic_force__force_direction_choice
physics.momentum_component_value,"component(final_velocity(momentum_conservation(inputs)), axis)",Use conservation of momentum to compute one signed final-velocity component.,Do not merge with direction-choice tasks or non-sticky collision formulas.,1,physics,1,physics/collision,1,task_physics__collision__sticky_collision_velocity_component_value
physics.momentum_direction_choice,"option_letter(direction(momentum_conservation(inputs), output_role))",Use conservation of momentum to choose the final sticky-collision direction.,Do not merge with numeric velocity-component solving.,1,physics,1,physics/collision,1,task_physics__collision__sticky_collision_direction_choice
physics.motion_graph_speed_change_state_choice,option_letter(classify_speed_change(marked_velocity_time_graph_interval)),"Classify speeding up, slowing down, or constant speed from a marked velocity-time graph interval.",Do not merge with position-time velocity-sign classification or numeric graph-area computation.,1,physics,1,physics/motion_graph,1,task_physics__motion_graph__speed_change_state_choice
physics.motion_graph_velocity_sign_choice,option_letter(classify_velocity_sign(marked_position_time_graph_interval)),Classify motion direction or stationarity from the slope of a marked position-time graph interval.,Do not merge with velocity-time speed-change classification or numeric graph-area computation.,1,physics,1,physics/motion_graph,1,task_physics__motion_graph__velocity_sign_choice
physics.pascal_law_solve,"solve_pascal_law(force_a, area_a, force_b, area_b, unknown_slot)",Solve one missing force or piston area from Pascal-law proportionality.,Do not merge with unrelated missing-value formulas just because the answer is numeric.,1,physics,1,physics/hydraulic,1,task_physics__hydraulic__hydraulic_missing_value
physics.periodic_harmonic_spectrum_match,"option_letter(select(spectrum_options, harmonic_pattern=periodic_wave_harmonics(input_waveform)))","Match a periodic square, triangle, or sawtooth waveform to its harmonic support and decay pattern.",Do not merge with sinusoid-component spike matching or pulse-width lobe matching.,1,physics,1,physics/signal_transform,1,task_physics__signal_transform__periodic_harmonic_spectrum_match_label
physics.pulley_force_solve,"solve_ideal_pulley(load_force, effort_force, support_strand_count, unknown_slot)",Solve an ideal pulley load/effort force from support-strand mechanical advantage.,Do not merge with other missing-value formulas that do not count supporting strands.,1,physics,1,physics/pulley,1,task_physics__pulley__pulley_mechanical_advantage
physics.pulse_width_spectrum_match,"option_letter(select(spectrum_options, spectrum_lobe_width=inverse_pulse_width(input_waveform)))",Match a rectangular pulse to the magnitude spectrum whose lobe width corresponds to the visible pulse width.,Do not merge with sinusoid-component spike matching or periodic-wave harmonic-pattern matching.,1,physics,1,physics/signal_transform,1,task_physics__signal_transform__pulse_width_spectrum_match_label
physics.pv_process_sign_choice,"option_letter(select(processes, sign(volume_change(process))=target_sign))",Choose the PV process matching an expansion/compression/no-change sign condition.,Do not merge with numeric PV work computation.,1,physics,1,physics/pv_diagram,1,task_physics__pv_diagram__pv_process_sign_choice
physics.pv_work_value,pressure * (final_volume - initial_volume),Compute signed work from a visible pressure-volume process.,Do not merge with PV sign-choice tasks or non-PV area arithmetic.,1,physics,1,physics/pv_diagram,1,task_physics__pv_diagram__pv_work_value
physics.ray_path_event_count,"count(filter(ray_path_events, event_role))",Trace a hidden reflection path and count selected ray-path events.,Do not merge with graph reachability or path-length tasks.,1,physics,1,physics/ray_optics,2,task_physics__ray_optics__ray_bounce_count | task_physics__ray_optics__ray_target_hit_count
physics.sinusoid_component_spectrum_match,"option_letter(select(spectrum_options, spike_components=sinusoid_components(input_waveform)))",Match a sinusoidal input waveform to the one-sided magnitude spectrum with the corresponding frequency spike components.,Do not merge with periodic-wave harmonic-pattern matching or pulse-width lobe matching.,1,physics,1,physics/signal_transform,1,task_physics__signal_transform__sinusoid_component_spectrum_match_label
physics.torque_balance_solve,"solve_torque_balance(left_terms, right_terms, unknown_weight)",Solve a missing lever weight by equating left and right torques.,Do not merge with direct side-torque summation.,1,physics,1,physics/lever,1,task_physics__lever__missing_weight_balance_value
physics.torque_sum_value,sum(weight_i * distance_i for supports_on_side),Compute total torque contributed by visible weights on one side of a lever.,Do not merge with balance-equation missing-weight solving.,1,physics,1,physics/lever,1,task_physics__lever__side_torque_value
physics.wave_interference_condition_choice,"option_letter(select(candidate_points, interference_condition(path_difference, phase_relation)=target_condition))",Choose a candidate point by applying wave-interference phase/path rules.,Do not merge with numeric path-difference computation.,1,physics,1,physics/wave_interference,1,task_physics__wave_interference__interference_point_choice
physics.wave_path_difference_value,"abs(distance(source_a, point) - distance(source_b, point)) / unit_step",Compute a visible two-source path-difference value in wave-spacing units.,Do not merge with interference-condition option selection.,1,physics,1,physics/wave_interference,1,task_physics__wave_interference__path_difference_value
probability.event_fraction,"probability(event, visible_sample_space)",Compute a reduced fraction from a visible finite sample space.,Do not merge if the sample-space product/conditioning schema changes.,1,misc,2,misc/dice_probability | misc/spinner_probability,11,task_misc__dice_probability__dice_conditional_event_value | task_misc__dice_probability__pair_attribute_combo_probability | task_misc__dice_probability__pair_difference_probability | task_misc__dice_probability__pair_sum_probability | task_misc__dice_probability__pair_sum_threshold_probability | task_misc__dice_probability__single_attribute_probability | task_misc__dice_probability__single_threshold_probability | task_misc__spinner_probability__multi_attribute_and_probability | task_misc__spinner_probability__multi_attribute_or_probability | task_misc__spinner_probability__single_attribute_probability | task_misc__spinner_probability__spinner_pair_event_value
program.unclassified_direct,direct_answer(workday_offset_date),Fallback direct-answer program; review manually if this appears often.,Do not merge without manual inspection.,2,pages | physics,3,pages/calendar | physics/collision | physics/lens_optics,3,task_pages__calendar__workday_offset_date | task_physics__collision__incoming_path_cause_choice | task_physics__lens_optics__image_property_choice
puzzle.rule_violation_count,"count(filter(puzzle_units, violates_rule(unit, rule_schema)))",Count puzzle units that violate a visible or implicit rule.,Do not merge with valid-candidate counts or static attribute counts.,1,puzzles,1,puzzles/cell_board,1,task_puzzles__cell_board__symmetry_violation_count
puzzle.valid_candidate_count,"count(filter(candidate_items, satisfies_puzzle_rule(candidate, puzzle_state)))",Count candidates satisfying the puzzle's rule constraints or search rule.,Do not merge with static attribute counts or rule-violation counts.,1,puzzles,2,puzzles/tents | puzzles/word_search,2,task_puzzles__tents__tents_valid_candidate_count | task_puzzles__word_search__search_present_word_count
selection.adjacency_relation_label,"label(single(filter(nodes, relation_to_reference(node, reference_node, relation_mode))))",Select the single node satisfying a visible adjacency/predecessor/successor relation to a reference node.,Do not merge with adjacency-relation counts or path-derived label selection.,2,graph | icons,2,graph/node_link | icons/named_path,2,task_graph__node_link__unique_related_node_label | task_icons__named_path__path_neighbor_label
selection.direct_label,"select_label(selected_visible_support, query_parameters)",Return a label selected from visible support by a stable query rule.,Do not merge with numeric or count answers.,10,charts | games | geometry | graph | icons | illustrations | misc | pages | physics | puzzles,57,charts/combo_mark | charts/curve_panels | charts/multiseries | charts/radial_sankey | charts/violin | games/battleship | games/bowling | games/brick_breaker | games/bubble_shooter | games/cards | games/chess | games/connect_four | games/hex | games/lane_runner | games/mancala_pit_board | games/minesweeper | games/minigolf | games/pacman | games/pinball_table | games/platformer | games/sokoban | games/solitaire | games/tic_tac_toe_3d | games/ultimate_tictactoe | geometry/coordinate_plane | geometry/cylinder_wrap | geometry/function_panels | graph/binary_tree | graph/node_link | graph/pedigree_chart | graph/phylogeny_tree | icons/paired_canvas | icons/wallpaper_panels | illustrations/image_cutout_board | misc/clock_collection | misc/logic_gate_circuit | misc/music_staff | pages/calendar_event_grid | pages/category_grid | pages/command_matrix | ...,91,task_charts__combo_mark__series_threshold_crossing_label | task_charts__curve_panels__cross_panel_threshold_earliest_label | task_charts__multiseries__pair_equality_label | task_charts__radial_sankey__dominant_endpoint_label | task_charts__violin__modality_label | task_games__battleship__last_ship_cell_label | task_games__bowling__first_pin_hit_label | task_games__brick_breaker__next_hit_label | task_games__brick_breaker__paddle_catch_label | task_games__bubble_shooter__pop_color_label | task_games__cards__missing_card_to_complete_hand_label | task_games__cards__poker_draw_card_label | task_games__cards__trick_winning_play_label | task_games__chess__checkmate_move_label | task_games__connect_four__winning_move_column_label | task_games__hex__winning_move_cell_label | task_games__lane_runner__safe_path_label | task_games__mancala_pit_board__sowing_landing_pit_label | task_games__minesweeper__reveal_outcome_label | task_games__minigolf__first_obstacle_label | task_games__pacman__next_item_label | task_games__pinball_table__first_hit_object_label | task_games__platformer__jump_landing_label | task_games__sokoban__path_validity_sequence_label | task_games__solitaire__move_legality_label | task_games__tic_tac_toe_3d__winning_move_cell_label | task_games__ultimate_tictactoe__line_completion_move_label | task_geometry__coordinate_plane__missing_endpoint_label | task_geometry__coordinate_plane__reflected_point_label | task_geometry__coordinate_plane__rotated_point_label | task_geometry__coordinate_plane__section_point_label | task_geometry__coordinate_plane__translated_point_label | task_geometry__cylinder_wrap__wrapped_mark_position_label | task_geometry__function_panels__function_status_label | task_geometry__function_panels__intersection_property_label | task_geometry__function_panels__one_to_one_status_label | task_geometry__function_panels__sign_interval_label | task_geometry__function_panels__x_axis_symmetry_label | task_graph__binary_tree__local_relative_node_label | task_graph__binary_tree__lowest_common_ancestor_label | ...
selection.extreme_metric_label,"label(arg_extreme(items, metric, direction))",Select the label of an item with an extreme metric.,Do not merge with ranked non-extreme or threshold-count tasks.,7,charts | games | geometry | icons | pages | physics | puzzles,41,charts/area | charts/boxplot | charts/candlestick | charts/combo_mark | charts/contour_density | charts/curve_panels | charts/dashboard | charts/density_curve | charts/errorbar_series | charts/heatmap | charts/marker_map | charts/matrix | charts/multiseries | charts/parallel_coords | charts/population_pyramid | charts/radial_progress | charts/scatter_cluster | charts/scatter_facet_grid | charts/scatter_points | charts/scatter_readout | charts/size_encoding | charts/style_legend | charts/sunburst | charts/surface_3d | charts/uncertainty_band | charts/violin | games/cards | games/marble_chain | games/match3 | games/racing_track | games/space_shooter | geometry/graph_paper | icons/named_grid | pages/hero_callout_infographic | pages/infographic | pages/mixed_infographic_page | pages/profile_card_grid | physics/bulb_circuit | physics/orbital_motion | ...,68,task_charts__area__stacked_band_dominance_label | task_charts__boxplot__iqr_extremum_label | task_charts__boxplot__median_reference_label | task_charts__boxplot__paired_median_shift_label | task_charts__candlestick__range_extremum_label | task_charts__combo_mark__absolute_gap_extremum_label | task_charts__combo_mark__conditioned_line_extremum_label | task_charts__combo_mark__conditioned_primary_extremum_label | task_charts__combo_mark__directional_gap_extremum_label | task_charts__contour_density__density_extremum_region_label | task_charts__contour_density__reference_distance_extremum_label | task_charts__contour_density__spread_extremum_region_label | task_charts__curve_panels__cross_panel_delta_extremum_label | task_charts__curve_panels__curve_at_x_extremum_label | task_charts__curve_panels__earliest_maximum_panel_label | task_charts__dashboard__panel_gap_extremum_category_label | task_charts__density_curve__density_at_x_extremum_label | task_charts__density_curve__interval_mass_extremum_label | task_charts__density_curve__mean_extremum_label | task_charts__density_curve__mode_location_extremum_label | task_charts__errorbar_series__bound_extremum_x_label | task_charts__heatmap__axis_cell_extremum_label | task_charts__heatmap__axis_condition_extremum_label | task_charts__heatmap__condition_run_extremum_label | task_charts__marker_map__marker_region_extremum_label | task_charts__matrix__axis_extremum_label | task_charts__matrix__off_diagonal_confusion_label | task_charts__multiseries__category_total_extremum_label | task_charts__parallel_coords__axis_delta_extremum_label | task_charts__population_pyramid__side_gap_extremum_label | task_charts__radial_progress__extremum_remaining_label | task_charts__scatter_cluster__cluster_separation_extremum_label | task_charts__scatter_cluster__cluster_spread_extremum_label | task_charts__scatter_cluster__cluster_trend_direction_label | task_charts__scatter_facet_grid__region_density_extremum_label | task_charts__scatter_points__category_axis_mean_extremum_label | task_charts__scatter_readout__series_x_extremum_label | task_charts__size_encoding__category_total_extremum_label | task_charts__size_encoding__filtered_item_extremum_label | ...
selection.nearest_label,"label(arg_min_distance(reference, candidates, distance_metric))",Select the visible candidate nearest to a reference under a scene metric.,Do not merge with generic extremum unless the metric is explicitly distance-to-reference.,2,charts | games,4,charts/contour_density | charts/size_encoding | charts/surface_3d | games/sokoban,4,task_charts__contour_density__nearest_region_option_label | task_charts__size_encoding__reference_size_neighbor_label | task_charts__surface_3d__reference_nearest_label | task_games__sokoban__nearest_counterpart_label
selection.option_match,"select_option(reference_or_rule, candidate_options)",Choose an option panel/label matching a visual rule or transformation.,Do not merge with free string-label lookup tasks.,9,charts | games | geometry | graph | icons | illustrations | misc | pages | puzzles,41,charts/dashboard | charts/scatter_cluster | games/2048 | games/bowling | games/ludo_board | games/minigolf | games/sliding_block | games/snake | games/tetris | geometry/coordinate_panels | geometry/coordinate_plane | geometry/function_panels | geometry/shape_gallery | graph/graph_options | icons/icon_cutout | icons/single_transform_options | illustrations/missing_patch | misc/abacus_match_panel | misc/braille_cell | misc/clock_match_panel | pages/web_action | puzzles/color_gradient | puzzles/cube_net | puzzles/cyclic_order | puzzles/logic_grid | puzzles/matchstick | puzzles/nonogram | puzzles/overlay | puzzles/paper_fold | puzzles/paper_fold_cut | puzzles/pipe_flow | puzzles/polyomino_missing | puzzles/raven_matrix | puzzles/rubiks_net | puzzles/star_battle | puzzles/tangram | puzzles/tents | puzzles/toggle_grid | puzzles/voxel_cube | puzzles/voxel_ladder | ...,57,task_charts__dashboard__statement_option_selection_label | task_charts__scatter_cluster__centroid_option_selection_label | task_games__2048__move_result_board_label | task_games__bowling__spare_path_label | task_games__ludo_board__capture_roll_option_label | task_games__ludo_board__move_result_option_label | task_games__minigolf__shot_path_label | task_games__sliding_block__sliding_block_move_result_label | task_games__snake__path_outcome_option_label | task_games__tetris__drop_result_label | task_geometry__coordinate_panels__quadrilateral_shape_match_label | task_geometry__coordinate_plane__locus_panel_match_label | task_geometry__coordinate_plane__quadrilateral_completion_label | task_geometry__function_panels__range_match_label | task_geometry__shape_gallery__reflection_match | task_geometry__shape_gallery__rotation_match | task_geometry__shape_gallery__translation_match | task_graph__graph_options__contained_subgraph_label | task_graph__graph_options__same_structure_label | task_icons__icon_cutout__partial_match_label | task_icons__single_transform_options__geometric_transform_result_label | task_illustrations__missing_patch__missing_patch_label | task_misc__abacus_match_panel__target_value_match_label | task_misc__braille_cell__matching_pattern_label | task_misc__clock_match_panel__equivalent_time_label | task_pages__web_action__select_option_label | task_puzzles__color_gradient__color_gradient_completion_label | task_puzzles__cube_net__cube_rolling_result_label | task_puzzles__cube_net__folded_path_face_sequence_label | task_puzzles__cyclic_order__cyclic_order_equivalent_label | task_puzzles__logic_grid__grid_king_non_touch_label | task_puzzles__logic_grid__grid_uniqueness_completion_label | task_puzzles__matchstick__matchstick_number_transform_label | task_puzzles__nonogram__nonogram_candidate_solution_label | task_puzzles__nonogram__nonogram_line_completion_label | task_puzzles__overlay__overlay_result_label | task_puzzles__paper_fold__paper_fold_result_label | task_puzzles__paper_fold_cut__paper_fold_cut_result_label | task_puzzles__pipe_flow__pipe_flow_repair_tile_label | task_puzzles__polyomino_missing__marked_region_piece_label | ...
selection.option_value_match,"label(select_option(candidate_options, option_value = computed_value))","Compute a scene value, then select the visible option label whose option value matches it.",Do not merge with free-form numeric answers or option tasks that match only a visual pattern.,2,games | puzzles,4,games/darts | games/marble_chain | games/match3 | puzzles/rubiks_net,5,task_games__darts__total_score_option_label | task_games__marble_chain__target_pop_direction_label | task_games__match3__target_clear_swap_label | task_puzzles__rubiks_net__post_move_face_color_count_label | task_puzzles__rubiks_net__static_face_color_count_label
selection.ranked_item,"select_by_rank(items, metric, rank)",Select a label/item by rank under a metric or order.,Do not merge with direct lookup or unordered predicate count.,4,charts | games | icons | pages,14,charts/dumbbell | charts/error_interval | charts/multiseries | charts/scatter_cluster | charts/single_series | charts/table | games/sokoban | icons/named_field | pages/concept_map | pages/infographic | pages/mixed_infographic_page | pages/profile_card_grid | pages/ranked_list | pages/step_list,19,task_charts__dumbbell__gap_rank_row_label | task_charts__error_interval__interval_width_rank_label | task_charts__multiseries__ranked_change_extremum_label | task_charts__multiseries__ranked_pair_ratio_extremum_label | task_charts__multiseries__ranked_series_share_extremum_label | task_charts__multiseries__series_rank_at_category_label | task_charts__scatter_cluster__cluster_area_rank_label | task_charts__single_series__order_statistic_label | task_charts__table__column_rank_label | task_games__sokoban__box_target_manhattan_rank_label | task_icons__named_field__reference_distance_rank_label | task_pages__concept_map__ordered_child_label | task_pages__infographic__metric_ranked_item_label | task_pages__infographic__section_ranked_total_label | task_pages__mixed_infographic_page__module_field_ranked_item_label | task_pages__profile_card_grid__field_ranked_profile_label | task_pages__ranked_list__ordinal_entry_label | task_pages__step_list__nth_step_detail_label | task_pages__step_list__nth_step_title_label
selection.rule_violation,"select_rule_violation(sequence_or_grid, rule)",Find the visible item/cell/index that violates a displayed or implicit rule.,Do not merge with completion or valid-option selection.,3,graph | icons | puzzles,5,graph/binary_tree | icons/pattern_grid | icons/sequence_strip | icons/wallpaper_panels | puzzles/color_gradient,5,task_graph__binary_tree__heap_property_violation_label | task_icons__pattern_grid__attribute_pattern_violation_index | task_icons__sequence_strip__rotation_sequence_violation_index | task_icons__wallpaper_panels__motif_violation_label | task_puzzles__color_gradient__color_gradient_violation_cell_label
sequence.longest_run_length,"max(lengths(sequence_runs(sequence, rule)))",Find contiguous runs under a sequence rule and return the longest run length.,Do not merge with counting run instances or direct value lookup.,2,charts | games,2,charts/single_series | games/cards,2,task_charts__single_series__monotone_streak_length | task_games__cards__longest_run_length
sequence.projected_threshold_crossing_label,"select_first(project_linear_sequence(sequence, future_slots), predicate)",Infer a linear step from an ordered sequence and return the first future label satisfying a threshold predicate.,Do not merge with direct observed threshold scans that require no extrapolation.,1,charts,1,charts/single_series,1,task_charts__single_series__projected_threshold_crossing_label
sequence.reconstruction_order,"sequence(order_pieces_by_reconstruction(piece_options, completed_image_layout))",Return an ordered sequence of piece labels by reconstructing the source image layout.,Do not merge with single-label option matching or static direct-label selection.,1,illustrations,1,illustrations/image_cutout_board,1,task_illustrations__image_cutout_board__jigsaw_piece_order
sequence.threshold_crossing_label,"select_first(sequence, predicate)",Scan an ordered sequence and return the first label satisfying a threshold predicate.,Do not merge with unordered threshold counts or extremum selection.,1,charts,2,charts/single_series | charts/waterfall,2,task_charts__single_series__observed_threshold_crossing_label | task_charts__waterfall__threshold_crossing_label
simulation.discrete_state_update,"simulate(discrete_state, visible_rules, steps).select(final_state_property)",Simulate a discrete state-update system under visible rules.,Do not merge with static lookup or single-step counterfactual edits.,3,games | graph | misc,5,games/2048 | games/snakes_ladders | graph/automaton | misc/agent_automaton | misc/life_automaton,12,task_games__2048__max_tile_value | task_games__2048__merge_count | task_games__2048__score_value | task_games__snakes_ladders__move_outcome_value | task_graph__automaton__dfa_accepted_string_label | task_graph__automaton__nfa_accepted_string_label | task_graph__automaton__nondeterministic_state_count | task_graph__automaton__state_after_input_label | task_misc__agent_automaton__agent_cell_flip_count | task_misc__agent_automaton__agent_final_pose_label | task_misc__life_automaton__life_future_grid_label | task_misc__life_automaton__life_population_count
temporal.calendar_ordinal_lookup,"select_calendar_date(weekday, ordinal, month_grid)",Find the date for an ordinal weekday occurrence in a visible calendar.,Do not merge with marked-day counting.,1,pages,1,pages/calendar,1,task_pages__calendar__weekday_occurrence_date
temporal.offset_readout,"apply_time_offset(clock_readout, offset, direction)",Read a time display and apply a before/after offset.,Do not merge with direct clock readout or clock comparison.,1,misc,1,misc/analog_clock,1,task_misc__analog_clock__offset_readout
three_d.between_references_label,"option_letter(label(select(candidate_objects, between_floor_references(candidate, reference_a, reference_b))))",Select the candidate object located in the floor-plane corridor between two named references.,Do not merge with nearest-reference or support/containment relation selection.,1,three_d,1,three_d/object_scene,1,task_three_d__object_scene__between_references_label
three_d.intersection_nearest_label,"option_letter(label(arg_min_distance(intersection_center, street_object_candidates, ground_distance)))",Select the street object closest to the intersection center.,Do not merge with lane-forward or road-arm membership selection.,1,three_d,1,three_d/street,1,task_three_d__street__intersection_nearest_label
three_d.landmark_correspondence_label,"option_letter(label(select(right_view_candidate_points, landmark_id = source_landmark_id)))",Match a marked landmark on one 3D object view to the corresponding candidate point in another view.,Do not merge with whole-object multiview matching.,1,three_d,1,three_d/object_scene,1,task_three_d__object_scene__landmark_correspondence_label
three_d.lane_forward_path_label,"option_letter(label(arg_min(filter(candidate_objects, ahead_in_lane(reference_vehicle, object)), forward_distance)))",Select the nearest object ahead of a reference vehicle in its lane corridor.,Do not merge with generic nearest-reference selection.,1,three_d,1,three_d/street,1,task_three_d__street__lane_ahead_object_label
three_d.marked_point_depth_extremum_label,"option_letter(label(arg_extreme(marked_points, camera_distance, direction)))",Select the visible marked point closest/farthest from the camera.,Do not merge with object extrema; the candidate set and annotation witness are point markers.,1,three_d,1,three_d/object_scene,1,task_three_d__object_scene__marked_point_depth_extremum_label
three_d.marked_point_vertical_relation_label,"option_letter(label(select(marked_points, vertical_projection_matches(reference_object, marked_point))))",Select the point marker vertically aligned above a named 3D object.,Do not merge with depth-extremum point selection.,1,three_d,1,three_d/object_scene,1,task_three_d__object_scene__marked_point_vertical_relation_label
three_d.multiview_object_match_label,"option_letter(label(select(right_view_objects, canonical_object_id = source_object_id)))",Match a boxed source object in one camera view to the same object in a second camera view.,Do not merge with landmark-level correspondence.,1,three_d,1,three_d/object_scene,1,task_three_d__object_scene__multiview_object_match_label
three_d.nearest_candidate_to_reference_label,"option_letter(label(arg_min_distance(reference_entity, candidate_entities, floor_gap)))",Select the candidate entity nearest to the reference entity in the warehouse floor plane.,Do not merge with path-corridor or shelf-level tasks.,1,three_d,1,three_d/warehouse,1,task_three_d__warehouse__nearest_candidate_to_reference_label
three_d.object_camera_distance_extremum_label,"option_letter(label(arg_extreme(candidate_objects, camera_distance, direction)))",Select the option label for the candidate object closest/farthest from the camera.,"Do not merge with height extrema, marked-point depth extrema, or reference-nearest tasks.",1,three_d,1,three_d/object_scene,1,task_three_d__object_scene__camera_distance_extremum_label
three_d.object_height_extremum_label,"option_letter(label(arg_extreme(candidate_objects, world_height, direction)))",Select the option label for the candidate object highest/lowest above the floor.,Do not merge with camera-distance extrema.,1,three_d,1,three_d/object_scene,1,task_three_d__object_scene__height_extremum_label
three_d.object_prop_relation_label,"option_letter(label(select(candidate_objects, relation(candidate_object, reference_prop)=relation_mode)))",Select the candidate object satisfying a support/containment relation to a named prop.,Do not merge with count versions or view-relative relation tasks.,1,three_d,1,three_d/object_scene,1,task_three_d__object_scene__object_relation_label
three_d.occlusion_order_label,"option_letter(label(select(candidate_objects, projected_overlap(candidate, reference) and in_front(candidate, reference))))",Select the candidate object visually in front of a named reference object.,Do not merge with floor-plane or support-relation selection.,1,three_d,1,three_d/object_scene,1,task_three_d__object_scene__occlusion_order_label
three_d.reference_nearest_label,"option_letter(label(arg_min_distance(reference_object, candidate_objects, floor_distance)))",Select the candidate object nearest to a named 3D reference object.,Do not merge with camera-distance extrema or relation selection.,1,three_d,1,three_d/object_scene,1,task_three_d__object_scene__reference_nearest_label
three_d.reference_relation_count,"count(filter(candidate_objects, compare(metric(object), metric(reference_object), relation_direction)))",Count objects satisfying a relation to a named reference object under a 3D or projected-view metric.,Do not merge with unreferenced object counts or object/proposition relation counts.,1,three_d,1,three_d/object_scene,2,task_three_d__object_scene__camera_depth_relation_count | task_three_d__object_scene__image_plane_lateral_relation_count
three_d.robot_forward_path_label,"option_letter(label(arg_min(filter(warehouse_objects, ahead_in_robot_path(robot, object)), forward_distance)))",Select the first object in the robot's forward path corridor.,Do not merge with nearest-reference robot/object selection.,1,three_d,1,three_d/warehouse,1,task_three_d__warehouse__robot_forward_path_label
three_d.same_road_arm_reference_label,"option_letter(label(select(street_object_candidates, road_arm(candidate)=road_arm(reference_object))))",Select the street object sharing the reference object's road arm.,Do not merge with distance-to-intersection or lane-forward tasks.,1,three_d,1,three_d/street,1,task_three_d__street__same_road_arm_reference_label
three_d.same_wall_reference_label,"option_letter(label(select(wall_object_candidates, wall(candidate)=wall(reference_object))))",Select the wall-mounted object sharing the named reference object's wall.,Do not merge with wall-side coordinate selection.,1,three_d,1,three_d/room,1,task_three_d__room__wall_object_same_wall_reference_label
three_d.wall_object_camera_distance_label,"option_letter(label(arg_min_distance(camera, wall_object_candidates, camera_distance)))",Select the wall-mounted object candidate nearest to the camera.,Do not merge with same-wall or wall-side relation selection.,1,three_d,1,three_d/room,1,task_three_d__room__wall_object_camera_distance_label
three_d.wall_side_relation_label,"option_letter(label(select(wall_object_candidates, same_wall(candidate, reference_object) and compare(wall_axis(candidate), wall_axis(reference_object), direction))))",Select the wall-mounted object left/right of a named reference on the same wall plane.,Do not merge with same-wall membership selection.,1,three_d,1,three_d/room,1,task_three_d__room__wall_object_side_relation_label
topology.reachability_filtered_label,"label(select_node(nodes, reachable_from(start, graph)=target_reachability))","Construct a reachable/unreachable subset under movement rules, then return one selected node label.",Do not merge with reachable subset counts; answer schema and output operation differ.,1,puzzles,1,puzzles/voxel_ladder,1,task_puzzles__voxel_ladder__unreachable_checkpoint_label
topology.reachable_set,"reachable_set(topology, start, constraints)",Construct the set of reachable nodes/cells/regions under movement rules.,"Do not merge with shortest path, longest path, or unconstrained direct counts.",3,games | graph | puzzles,5,games/minecraft | graph/node_link | graph/pipe_network | puzzles/cell_board | puzzles/maze,8,task_games__minecraft__reachable_ore_stack_count | task_graph__node_link__reachable_count | task_graph__node_link__reachable_count_after_edge_edit | task_graph__pipe_network__pipe_reachable_junction_count | task_puzzles__cell_board__reachable_region_size | task_puzzles__cell_board__reachable_target_count | task_puzzles__maze__exit_reachability_label | task_puzzles__maze__reachable_exit_count
topology.reachable_subset_count,"count(filter(nodes, reachable_from(start, graph)=target_reachability))","Construct a reachable subset under movement rules, then return its cardinality.",Do not merge with reachability-filtered label selection; answer schema and output operation differ.,1,puzzles,1,puzzles/voxel_ladder,1,task_puzzles__voxel_ladder__reachable_checkpoint_count
