benchmark,model,answer_kind,rows,empty_pct,z_pct,explicit_final_pct,option_mismatch_pct,num_empty_with_explicit_pct,judge_score_missing_pct,short_empty_with_explicit_pct,answer_tag_pct,boxed_pct
blink,game-rl-qwen25vl7b,option,1901,0.0,0.15781167806417673,100.0,0.10520778537611783,0.0,0.0,0.0,0.0,0.0
blink,pcgrpo-qwen25vl7b-jigsaw-care,option,1901,0.0,0.0,100.0,0.0,0.0,0.0,0.0,0.0,0.0
blink,sphinx-qwen7b-500,option,1901,0.0,0.0,100.0,0.0,0.0,0.0,0.0,0.0,0.0
blink,vero-qwen25-7b,option,1901,0.0,1.0520778537611783,100.0,4.155707522356654,0.0,0.0,0.0,100.0,99.42135718043134
chartqapro,game-rl-qwen25vl7b,short,1948,0.0,0.0,100.0,0.0,0.0,0.0,0.0,0.0,0.0
chartqapro,pcgrpo-qwen25vl7b-jigsaw-care,short,1948,0.0,0.0,100.0,0.0,0.0,0.0,0.0,0.0,0.0
chartqapro,sphinx-qwen7b-500,short,1948,0.0,0.0,100.0,0.0,0.0,0.0,0.0,0.0,0.0
chartqapro,vero-qwen25-7b,short,1948,0.0,0.0,100.0,0.0,0.0,0.0,0.0,100.0,1.2320328542094456
countbenchqa,game-rl-qwen25vl7b,number,487,0.0,0.0,100.0,0.0,0.0,0.0,0.0,0.0,0.0
countbenchqa,pcgrpo-qwen25vl7b-jigsaw-care,number,487,0.0,0.0,100.0,0.0,0.0,0.0,0.0,0.0,0.0
countbenchqa,sphinx-qwen7b-500,number,487,0.0,0.0,100.0,0.0,0.0,0.0,0.0,0.0,0.0
countbenchqa,vero-qwen25-7b,number,487,0.0,0.0,100.0,0.0,0.0,0.0,0.0,100.0,0.0
cvbench_3d,game-rl-qwen25vl7b,option,1200,0.0,0.0,100.0,2.3333333333333335,0.0,0.0,0.0,0.0,0.0
cvbench_3d,pcgrpo-qwen25vl7b-jigsaw-care,option,1200,0.0,0.0,100.0,0.25,0.0,0.0,0.0,0.0,0.0
cvbench_3d,sphinx-qwen7b-500,option,1200,0.0,0.0,100.0,9.25,0.0,0.0,0.0,0.0,0.0
cvbench_3d,vero-qwen25-7b,option,1200,0.0,0.0,100.0,1.6666666666666667,0.0,0.0,0.0,100.0,100.0
game_qa_lite,game-rl-qwen25vl7b,number,1847,0.4331348132106118,0.0,100.0,0.0,0.16242555495397942,0.0,0.0,0.0,99.35029778018408
game_qa_lite,game-rl-qwen25vl7b,option,556,4.496402877697841,5.39568345323741,100.0,1.7985611510791366,0.0,0.0,0.0,0.0,94.96402877697841
game_qa_lite,game-rl-qwen25vl7b,short,230,0.0,0.0,100.0,0.0,0.0,0.0,0.0,0.0,93.91304347826087
game_qa_lite,pcgrpo-qwen25vl7b-jigsaw-care,number,1847,0.2707092582566324,0.0,100.0,0.0,0.2165674066053059,0.0,0.0,0.0,99.4044396318354
game_qa_lite,pcgrpo-qwen25vl7b-jigsaw-care,option,556,6.83453237410072,6.115107913669065,100.0,0.539568345323741,0.0,0.0,0.0,0.0,100.0
game_qa_lite,pcgrpo-qwen25vl7b-jigsaw-care,short,230,0.0,0.0,100.0,0.0,0.0,0.0,0.0,0.0,96.95652173913044
game_qa_lite,sphinx-qwen7b-500,number,1847,0.05414185165132648,0.0,100.0,0.0,0.0,0.0,0.0,0.0,96.3183540877098
game_qa_lite,sphinx-qwen7b-500,option,556,8.093525179856115,4.136690647482014,100.0,2.877697841726619,0.0,0.0,0.0,0.0,96.94244604316546
game_qa_lite,sphinx-qwen7b-500,short,230,0.0,0.0,100.0,0.0,0.0,0.0,0.0,0.0,93.04347826086956
game_qa_lite,vero-qwen25-7b,number,1847,0.05414185165132648,0.0,100.0,0.0,0.0,0.0,0.0,100.0,100.0
game_qa_lite,vero-qwen25-7b,option,556,4.676258992805756,3.776978417266187,100.0,1.7985611510791366,0.0,0.0,0.0,100.0,100.0
game_qa_lite,vero-qwen25-7b,short,230,0.0,0.0,100.0,0.0,0.0,0.0,0.0,100.0,100.0
mmmu_pro_vision,game-rl-qwen25vl7b,option,1730,0.11560693641618498,1.0982658959537572,100.0,1.2716763005780347,0.0,0.0,0.0,0.0,1.0404624277456647
mmmu_pro_vision,pcgrpo-qwen25vl7b-jigsaw-care,option,1730,0.05780346820809249,1.9653179190751446,100.0,1.3294797687861273,0.0,0.0,0.0,0.0,0.6358381502890174
mmmu_pro_vision,sphinx-qwen7b-500,option,1730,0.0,1.0982658959537572,100.0,1.0404624277456647,0.0,0.0,0.0,0.0,1.3294797687861273
mmmu_pro_vision,vero-qwen25-7b,option,1730,0.05780346820809249,0.5202312138728323,100.0,1.2716763005780347,0.0,0.0,0.0,100.0,78.38150289017342
physics,game-rl-qwen25vl7b,judge_binary,1297,0.5397070161912104,0.07710100231303006,99.84579799537394,0.0,0.0,0.0,0.0,0.0,99.76869699306091
physics,pcgrpo-qwen25vl7b-jigsaw-care,judge_binary,1297,0.4626060138781804,0.0,100.0,0.0,0.0,0.0,0.0,0.0,99.61449498843486
physics,sphinx-qwen7b-500,judge_binary,1297,0.2313030069390902,0.0,99.92289899768697,0.0,0.0,0.0,0.0,0.0,99.53739398612183
physics,vero-qwen25-7b,judge_binary,1297,0.0,0.0,100.0,0.0,0.0,0.0,0.0,100.0,100.0
phyx_mini_mc,game-rl-qwen25vl7b,option,1000,0.0,1.4000000000000001,99.9,1.5,0.0,0.0,0.0,0.0,15.1
phyx_mini_mc,pcgrpo-qwen25vl7b-jigsaw-care,option,1000,0.1,0.1,100.0,0.1,0.0,0.0,0.0,0.0,0.0
phyx_mini_mc,sphinx-qwen7b-500,option,1000,0.0,0.1,100.0,0.1,0.0,0.0,0.0,0.0,0.0
phyx_mini_mc,vero-qwen25-7b,option,1000,0.0,1.3,100.0,1.6,0.0,0.0,0.0,100.0,95.7
puzzlevqa,game-rl-qwen25vl7b,option_value,2000,0.0,0.6,100.0,0.8,0.0,0.0,0.0,0.0,0.0
puzzlevqa,pcgrpo-qwen25vl7b-jigsaw-care,option_value,2000,0.0,1.35,100.0,1.6500000000000001,0.0,0.0,0.0,0.0,0.05
puzzlevqa,sphinx-qwen7b-500,option_value,2000,0.0,1.4000000000000001,100.0,1.25,0.0,0.0,0.0,0.0,0.0
puzzlevqa,vero-qwen25-7b,option_value,2000,0.0,0.75,100.0,1.9,0.0,0.0,0.0,100.0,35.949999999999996
spatialvizbench_cot,game-rl-qwen25vl7b,option,1180,0.0,0.5932203389830508,100.0,0.847457627118644,0.0,0.0,0.0,99.49152542372882,0.0
spatialvizbench_cot,pcgrpo-qwen25vl7b-jigsaw-care,option,1180,0.0,0.7627118644067797,100.0,0.423728813559322,0.0,0.0,0.0,99.49152542372882,0.0
spatialvizbench_cot,sphinx-qwen7b-500,option,1180,0.0,2.0338983050847457,100.0,5.338983050847458,0.0,0.0,0.0,100.0,0.0
spatialvizbench_cot,vero-qwen25-7b,option,1180,0.0,1.694915254237288,100.0,5.0,0.0,0.0,0.0,100.0,100.0
treebench,game-rl-qwen25vl7b,option,405,0.0,0.24691358024691357,100.0,0.24691358024691357,0.0,0.0,0.0,0.0,0.0
treebench,pcgrpo-qwen25vl7b-jigsaw-care,option,405,0.0,0.0,100.0,0.24691358024691357,0.0,0.0,0.0,0.0,0.0
treebench,sphinx-qwen7b-500,option,405,0.0,0.49382716049382713,100.0,0.49382716049382713,0.0,0.0,0.0,0.0,0.0
treebench,vero-qwen25-7b,option,405,0.0,0.0,100.0,0.0,0.0,0.0,0.0,100.0,16.790123456790123
visualpuzzles,game-rl-qwen25vl7b,option,1168,3.8527397260273974,24.315068493150687,100.0,0.17123287671232876,0.0,0.0,0.0,0.0,1.4554794520547945
visualpuzzles,pcgrpo-qwen25vl7b-jigsaw-care,option,1168,8.904109589041095,22.85958904109589,100.0,0.2568493150684931,0.0,0.0,0.0,0.0,0.2568493150684931
visualpuzzles,sphinx-qwen7b-500,option,1168,6.934931506849315,23.715753424657535,100.0,0.4280821917808219,0.0,0.0,0.0,0.0,0.17123287671232876
visualpuzzles,vero-qwen25-7b,option,1168,6.763698630136987,20.46232876712329,100.0,0.8561643835616438,0.0,0.0,0.0,100.0,63.4417808219178
wemath,game-rl-qwen25vl7b,option,1740,0.0,0.8045977011494253,100.0,1.1494252873563218,0.0,0.0,0.0,99.94252873563218,0.0
wemath,pcgrpo-qwen25vl7b-jigsaw-care,option,1740,0.0,0.05747126436781609,100.0,1.3793103448275863,0.0,0.0,0.0,100.0,0.0
wemath,sphinx-qwen7b-500,option,1740,0.0,0.6896551724137931,100.0,1.839080459770115,0.0,0.0,0.0,99.94252873563218,0.0
wemath,vero-qwen25-7b,option,1740,0.0,2.528735632183908,100.0,5.057471264367816,0.0,0.0,0.0,100.0,87.75862068965517
