domain,scene_id,task_id,source_path,config_path,prompt_path,task_doc_path,review_path,answer_schema_doc,annotation_schema_doc,answer_schema_observed,annotation_schema_observed,query_ids_doc,query_ids_class,query_ids_manifest,query_ids_observed,program_contract,closest_neighbor,uniqueness_decision,notes
puzzles,arithmetic_panel,task_puzzles__arithmetic_panel__equal_sum_line_constraint_value,trace/tasks/puzzles/arithmetic_panel/equal_sum_line_constraint_value.py,configs/domains/puzzles/arithmetic_panel.yaml,,docs/tasks/puzzles/arithmetic_panel/task_puzzles__arithmetic_panel__equal_sum_line_constraint_value.md,review/task-reviews/puzzles/arithmetic_panel/task_puzzles__arithmetic_panel__equal_sum_line_constraint_value,integer,bbox,integer,bbox,,single,single,single,"`solve_value(equal_side_sum_diagram, target=question_mark_node); scene=arithmetic_panel; scope=equal_sum_line_constraint_value`",task_puzzles__arithmetic_panel__operation_table_cell_value (0.57),keep,task_doc_newer_than_review_artifacts
puzzles,arithmetic_panel,task_puzzles__arithmetic_panel__number_wall_value,trace/tasks/puzzles/arithmetic_panel/number_wall_value.py,configs/domains/puzzles/arithmetic_panel.yaml,,docs/tasks/puzzles/arithmetic_panel/task_puzzles__arithmetic_panel__number_wall_value.md,review/task-reviews/puzzles/arithmetic_panel/task_puzzles__arithmetic_panel__number_wall_value,integer,bbox,integer,bbox,,single,single,single,"`solve_value(number_wall, rule=addition, target=question_mark_brick); scene=arithmetic_panel; scope=number_wall_value`",task_puzzles__arithmetic_panel__operation_table_cell_value (0.62),keep,task_doc_newer_than_review_artifacts
puzzles,arithmetic_panel,task_puzzles__arithmetic_panel__operation_table_cell_value,trace/tasks/puzzles/arithmetic_panel/operation_table_cell_value.py,configs/domains/puzzles/arithmetic_panel.yaml,,docs/tasks/puzzles/arithmetic_panel/task_puzzles__arithmetic_panel__operation_table_cell_value.md,review/task-reviews/puzzles/arithmetic_panel/task_puzzles__arithmetic_panel__operation_table_cell_value,integer,bbox,integer,bbox,,single,single,single,"`solve_value(operation_table, target=question_mark_cell); scene=arithmetic_panel; scope=operation_table_cell_value`",task_puzzles__arithmetic_panel__row_column_total_missing_value (0.67),keep,task_doc_newer_than_review_artifacts
puzzles,arithmetic_panel,task_puzzles__arithmetic_panel__row_column_total_missing_value,trace/tasks/puzzles/arithmetic_panel/row_column_total_missing_value.py,configs/domains/puzzles/arithmetic_panel.yaml,,docs/tasks/puzzles/arithmetic_panel/task_puzzles__arithmetic_panel__row_column_total_missing_value.md,review/task-reviews/puzzles/arithmetic_panel/task_puzzles__arithmetic_panel__row_column_total_missing_value,integer,bbox,integer,bbox,,single,single,single,"`solve_value(row_column_total_grid, target=question_mark_cell); scene=arithmetic_panel; scope=row_column_total_missing_value`",task_puzzles__arithmetic_panel__operation_table_cell_value (0.67),keep,task_doc_newer_than_review_artifacts
puzzles,arithmetic_panel,task_puzzles__arithmetic_panel__vertical_arithmetic_hidden_digit_value,trace/tasks/puzzles/arithmetic_panel/vertical_arithmetic_hidden_digit_value.py,configs/domains/puzzles/arithmetic_panel.yaml,,docs/tasks/puzzles/arithmetic_panel/task_puzzles__arithmetic_panel__vertical_arithmetic_hidden_digit_value.md,review/task-reviews/puzzles/arithmetic_panel/task_puzzles__arithmetic_panel__vertical_arithmetic_hidden_digit_value,integer,bbox,integer,bbox,,"hidden_addition_digit_value,hidden_subtraction_digit_value","hidden_addition_digit_value,hidden_subtraction_digit_value","hidden_addition_digit_value,hidden_subtraction_digit_value","`solve_digit(vertical_arithmetic, operation=addition|subtraction, target=question_mark_digit); scene=arithmetic_panel; scope=vertical_arithmetic_hidden_digit_value`",task_puzzles__arithmetic_panel__operation_table_cell_value (0.67),keep,task_doc_newer_than_review_artifacts
puzzles,balance_scale,task_puzzles__balance_scale__equivalent_object_count_value,trace/tasks/puzzles/balance_scale/equivalent_object_count_value.py,configs/domains/puzzles/balance_scale.yaml,,docs/tasks/puzzles/balance_scale/task_puzzles__balance_scale__equivalent_object_count_value.md,review/task-reviews/puzzles/balance_scale/task_puzzles__balance_scale__equivalent_object_count_value,,bbox,integer,bbox,,single,single,single,"`solve_count(direct_and_compound_balance_equations, target=source_object_equivalent_repeated_objects, unknowns=A|B|C, panels=3); scene=balance_scale; scope=equivalent_object_count_value`",task_puzzles__balance_scale__missing_object_weight_value (0.72),keep,task_doc_newer_than_review_artifacts
puzzles,balance_scale,task_puzzles__balance_scale__missing_object_weight_value,trace/tasks/puzzles/balance_scale/missing_object_weight_value.py,configs/domains/puzzles/balance_scale.yaml,,docs/tasks/puzzles/balance_scale/task_puzzles__balance_scale__missing_object_weight_value.md,review/task-reviews/puzzles/balance_scale/task_puzzles__balance_scale__missing_object_weight_value,,bbox,integer,bbox,,single,single,single,"`solve_value(direct_and_compound_balance_equations, target=query_object_weight, unknowns=A|B|C, panels=3); scene=balance_scale; scope=missing_object_weight_value`",task_puzzles__balance_scale__equivalent_object_count_value (0.72),keep,task_doc_newer_than_review_artifacts
puzzles,balance_scale,task_puzzles__balance_scale__query_side_relation_label,trace/tasks/puzzles/balance_scale/query_side_relation_label.py,configs/domains/puzzles/balance_scale.yaml,,docs/tasks/puzzles/balance_scale/task_puzzles__balance_scale__query_side_relation_label.md,review/task-reviews/puzzles/balance_scale/task_puzzles__balance_scale__query_side_relation_label,,bbox,string,bbox,,single,single,single,"`select_option(balance_query_relation, target=left|right|balanced|not_determined, unknowns=A|B|C, panels=3); scene=balance_scale; scope=query_side_relation_label`",task_puzzles__balance_scale__weight_order_label (0.53),keep,task_doc_newer_than_review_artifacts
puzzles,balance_scale,task_puzzles__balance_scale__weight_order_label,trace/tasks/puzzles/balance_scale/weight_order_label.py,configs/domains/puzzles/balance_scale.yaml,,docs/tasks/puzzles/balance_scale/task_puzzles__balance_scale__weight_order_label.md,review/task-reviews/puzzles/balance_scale/task_puzzles__balance_scale__weight_order_label,,bbox,string,bbox,,single,single,single,"`select_option(balance_comparison_grammar, target=lightest_to_heaviest_order, unknowns=A|B|C, panels=3); scene=balance_scale; scope=weight_order_label`",task_puzzles__balance_scale__query_side_relation_label (0.53),keep,task_doc_newer_than_review_artifacts
puzzles,cell_board,task_puzzles__cell_board__largest_component_size,trace/tasks/puzzles/cell_board/largest_component_size.py,configs/domains/puzzles/cell_board.yaml,,docs/tasks/puzzles/cell_board/task_puzzles__cell_board__largest_component_size.md,review/task-reviews/puzzles/cell_board/task_puzzles__cell_board__largest_component_size,,bbox_set,integer,bbox_set,,single,single,single,"`max_component_size(cell_board, cells=color_equals_query_color, adjacency=orthogonal_4_neighbor); scene=cell_board; scope=largest_component_size`",task_puzzles__cell_board__reachable_region_size (0.48),keep,task_doc_newer_than_review_artifacts
puzzles,cell_board,task_puzzles__cell_board__reachable_region_size,trace/tasks/puzzles/cell_board/reachable_region_size.py,configs/domains/puzzles/cell_board.yaml,,docs/tasks/puzzles/cell_board/task_puzzles__cell_board__reachable_region_size.md,review/task-reviews/puzzles/cell_board/task_puzzles__cell_board__reachable_region_size,,bbox_set,integer,bbox_set,,single,single,single,"`count_reachable_cells(cell_board, start=green_S_cell, passable=non_wall_cells, adjacency=orthogonal_4_neighbor); scene=cell_board; scope=reachable_region_size`",task_puzzles__cell_board__shortest_path_length_value (0.58),keep,task_doc_newer_than_review_artifacts
puzzles,cell_board,task_puzzles__cell_board__shortest_path_length_value,trace/tasks/puzzles/cell_board/shortest_path_length_value.py,configs/domains/puzzles/cell_board.yaml,,docs/tasks/puzzles/cell_board/task_puzzles__cell_board__shortest_path_length_value.md,review/task-reviews/puzzles/cell_board/task_puzzles__cell_board__shortest_path_length_value,,segment_set,integer,segment_set,,single,single,single,"`shortest_path_length(cell_board, start=green_S_cell, goal=red_G_cell, passable=non_wall_cells, adjacency=orthogonal_4_neighbor); scene=cell_board; scope=shortest_path_length_value`",task_puzzles__cell_board__reachable_region_size (0.58),keep,task_doc_newer_than_review_artifacts
puzzles,cell_board,task_puzzles__cell_board__symmetry_violation_count,trace/tasks/puzzles/cell_board/symmetry_violation_count.py,configs/domains/puzzles/cell_board.yaml,,docs/tasks/puzzles/cell_board/task_puzzles__cell_board__symmetry_violation_count.md,review/task-reviews/puzzles/cell_board/task_puzzles__cell_board__symmetry_violation_count,,segment_set,integer,segment_set,,single,single,single,"`count_mirror_mismatches(cell_board, axis=vertical|horizontal, counted_side=left|top); scene=cell_board; scope=symmetry_violation_count`",task_puzzles__cell_board__reachable_region_size (0.23),keep,task_doc_newer_than_review_artifacts
puzzles,color_gradient,task_puzzles__color_gradient__color_gradient_completion_label,trace/tasks/puzzles/color_gradient/color_gradient_completion_label.py,configs/domains/puzzles/color_gradient.yaml,,docs/tasks/puzzles/color_gradient/task_puzzles__color_gradient__color_gradient_completion_label.md,review/task-reviews/puzzles/color_gradient/task_puzzles__color_gradient__color_gradient_completion_label,,bbox,option_letter,bbox,,single,single,single,"`complete_linear_gradient(visible_swatch_sequence, missing_position, option_swatches); scene=color_gradient; scope=color_gradient_completion_label`",task_puzzles__color_gradient__color_gradient_violation_cell_label (0.35),keep,task_doc_newer_than_review_artifacts
puzzles,color_gradient,task_puzzles__color_gradient__color_gradient_violation_cell_label,trace/tasks/puzzles/color_gradient/color_gradient_violation_cell_label.py,configs/domains/puzzles/color_gradient.yaml,,docs/tasks/puzzles/color_gradient/task_puzzles__color_gradient__color_gradient_violation_cell_label.md,review/task-reviews/puzzles/color_gradient/task_puzzles__color_gradient__color_gradient_violation_cell_label,,bbox,option_letter,bbox,,single,single,single,"`find_gradient_violation(swatch_grid, row_column_progression_rule); scene=color_gradient; scope=color_gradient_violation_cell_label`",task_puzzles__color_gradient__color_gradient_completion_label (0.35),keep,task_doc_newer_than_review_artifacts
puzzles,cube_net,task_puzzles__cube_net__equivalent_net_label,trace/tasks/puzzles/cube_net/equivalent_net_label.py,configs/domains/puzzles/cube_net.yaml,,docs/tasks/puzzles/cube_net/task_puzzles__cube_net__equivalent_net_label.md,review/task-reviews/puzzles/cube_net/task_puzzles__cube_net__equivalent_net_label,,bbox,option_letter,bbox,,single,single,single,"`select_option(cube_net_equivalence.matching_colored_cube, reference=colored_reference_net, equivalence=whole_cube_rotation); scene=cube_net; scope=equivalent_net_label`",task_puzzles__cube_net__opposite_face_label (0.52),keep,task_doc_newer_than_review_artifacts
puzzles,cube_net,task_puzzles__cube_net__marked_edge_neighbor_face_label,trace/tasks/puzzles/cube_net/marked_edge_neighbor_face_label.py,configs/domains/puzzles/cube_net.yaml,,docs/tasks/puzzles/cube_net/task_puzzles__cube_net__marked_edge_neighbor_face_label.md,review/task-reviews/puzzles/cube_net/task_puzzles__cube_net__marked_edge_neighbor_face_label,,bbox,option_letter,bbox,,single,single,single,"`select_option(folded_cube_net.edge_neighbor_face, edge=marked_edge); scene=cube_net; scope=marked_edge_neighbor_face_label`",task_puzzles__cube_net__opposite_face_label (0.76),keep,task_doc_newer_than_review_artifacts
puzzles,cube_net,task_puzzles__cube_net__opposite_face_label,trace/tasks/puzzles/cube_net/opposite_face_label.py,configs/domains/puzzles/cube_net.yaml,,docs/tasks/puzzles/cube_net/task_puzzles__cube_net__opposite_face_label.md,review/task-reviews/puzzles/cube_net/task_puzzles__cube_net__opposite_face_label,,bbox,option_letter,bbox,,single,single,single,"`select_option(folded_cube_net.opposite_face, reference=marked_face); scene=cube_net; scope=opposite_face_label`",task_puzzles__cube_net__marked_edge_neighbor_face_label (0.76),keep,task_doc_newer_than_review_artifacts
puzzles,cyclic_order,task_puzzles__cyclic_order__cyclic_order_equivalent_label,trace/tasks/puzzles/cyclic_order/cyclic_order_equivalent_label.py,configs/domains/puzzles/cyclic_order.yaml,,docs/tasks/puzzles/cyclic_order/task_puzzles__cyclic_order__cyclic_order_equivalent_label.md,review/task-reviews/puzzles/cyclic_order/task_puzzles__cyclic_order__cyclic_order_equivalent_label,option_letter,bbox,option_letter,bbox,,single,single,single,"`select_option(cyclic_order.equivalent_loop, rule=rotation_allowed_reflection_disallowed, options=4); scene=cyclic_order; scope=cyclic_order_equivalent_label`",task_puzzles__cyclic_order__swap_repair_label (0.43),keep,task_doc_newer_than_review_artifacts
puzzles,cyclic_order,task_puzzles__cyclic_order__insertion_position_label,trace/tasks/puzzles/cyclic_order/insertion_position_label.py,configs/domains/puzzles/cyclic_order.yaml,,docs/tasks/puzzles/cyclic_order/task_puzzles__cyclic_order__insertion_position_label.md,review/task-reviews/puzzles/cyclic_order/task_puzzles__cyclic_order__insertion_position_label,option_letter,bbox,option_letter,bbox,single,single,single,single,"`select_option(cyclic_order.insertion_position, reference=reference_loop, partial=labeled_gap_loop_missing_one_token, action=insert_missing_reference_token); scene=cyclic_order; scope=insertion_position_label`",task_puzzles__cyclic_order__swap_repair_label (0.48),keep,task_doc_newer_than_review_artifacts
puzzles,cyclic_order,task_puzzles__cyclic_order__swap_repair_label,trace/tasks/puzzles/cyclic_order/swap_repair_label.py,configs/domains/puzzles/cyclic_order.yaml,,docs/tasks/puzzles/cyclic_order/task_puzzles__cyclic_order__swap_repair_label.md,review/task-reviews/puzzles/cyclic_order/task_puzzles__cyclic_order__swap_repair_label,option_letter,bbox,option_letter,bbox,,single,single,single,"`select_option(cyclic_order.swap_repair, reference=reference_loop, broken=numbered_broken_loop, action=swap_two_numbered_positions); scene=cyclic_order; scope=swap_repair_label`",task_puzzles__cyclic_order__insertion_position_label (0.48),keep,task_doc_newer_than_review_artifacts
puzzles,matchstick,task_puzzles__matchstick__equation_repair_stick_label,trace/tasks/puzzles/matchstick/equation_repair_stick_label.py,configs/domains/puzzles/matchstick.yaml,,docs/tasks/puzzles/matchstick/task_puzzles__matchstick__equation_repair_stick_label.md,review/task-reviews/puzzles/matchstick/task_puzzles__matchstick__equation_repair_stick_label,,,option_letter,segment,,single,single,single,"`select_option(matchstick_equation.remove_one_stick_repair, source=false_visible_equation, candidates=labeled_digit_sticks); scene=matchstick; scope=false_equation_labeled_digit_sticks`",task_puzzles__matchstick__matchstick_number_transform_label (0.48),keep,task_doc_newer_than_review_artifacts
puzzles,matchstick,task_puzzles__matchstick__matchstick_number_transform_label,trace/tasks/puzzles/matchstick/matchstick_number_transform_label.py,configs/domains/puzzles/matchstick.yaml,,docs/tasks/puzzles/matchstick/task_puzzles__matchstick__matchstick_number_transform_label.md,review/task-reviews/puzzles/matchstick/task_puzzles__matchstick__matchstick_number_transform_label,,,option_letter,bbox_map,,"add_one_stick,remove_one_stick","add_one_stick,remove_one_stick","add_one_stick,remove_one_stick","`select_option(matchstick_number.one_stick_transform, operation=add_one|remove_one, source=visible_source_number); scene=matchstick; scope=source_number_and_candidate_options`",task_puzzles__matchstick__equation_repair_stick_label (0.48),keep,task_doc_newer_than_review_artifacts
puzzles,matchstick,task_puzzles__matchstick__max_square_count_after_additions_value,trace/tasks/puzzles/matchstick/max_square_count_after_additions_value.py,configs/domains/puzzles/matchstick.yaml,,docs/tasks/puzzles/matchstick/task_puzzles__matchstick__max_square_count_after_additions_value.md,review/task-reviews/puzzles/matchstick/task_puzzles__matchstick__max_square_count_after_additions_value,,,integer,bbox_set,,single,single,single,"`count_max(matchstick_lattice.complete_unit_squares_after_k_edge_additions, add_count=k, source=visible_incomplete_square_lattice); scene=matchstick; scope=square_lattice_missing_edges`",task_puzzles__matchstick__matchstick_number_transform_label (0.23),keep,task_doc_newer_than_review_artifacts
puzzles,maze,task_puzzles__maze__exit_reachability_label,trace/tasks/puzzles/maze/exit_reachability_label.py,configs/domains/puzzles/maze.yaml,,docs/tasks/puzzles/maze/task_puzzles__maze__exit_reachability_label.md,review/task-reviews/puzzles/maze/task_puzzles__maze__exit_reachability_label,string,point,string,point,,single,single,single,"`select_label(maze.exit, target_reachability=reachable|unreachable); scene=maze; scope=exit_reachability_label`",task_puzzles__maze__nearest_exit_label (0.52),keep,task_doc_newer_than_review_artifacts
puzzles,maze,task_puzzles__maze__nearest_exit_label,trace/tasks/puzzles/maze/nearest_exit_label.py,configs/domains/puzzles/maze.yaml,,docs/tasks/puzzles/maze/task_puzzles__maze__nearest_exit_label.md,review/task-reviews/puzzles/maze/task_puzzles__maze__nearest_exit_label,string,point,string,point,,single,single,single,`select_label(argmin_exit maze.shortest_path_length_from_start); scene=maze; scope=nearest_reachable_exit`,task_puzzles__maze__exit_reachability_label (0.52),keep,task_doc_newer_than_review_artifacts
puzzles,nonogram,task_puzzles__nonogram__candidate_solution_label,trace/tasks/puzzles/nonogram/candidate_solution_label.py,configs/domains/puzzles/nonogram.yaml,,docs/tasks/puzzles/nonogram/task_puzzles__nonogram__candidate_solution_label.md,review/task-reviews/puzzles/nonogram/task_puzzles__nonogram__candidate_solution_label,,bbox,option_letter,bbox,single,single,single,single,"`select_label(nonogram.option_grid, rule=all_row_and_column_clues_match); scene=nonogram; scope=filled_grid_satisfying_all_row_and_column_clues`",task_puzzles__nonogram__line_completion_label (0.45),keep,task_doc_newer_than_review_artifacts
puzzles,nonogram,task_puzzles__nonogram__line_completion_label,trace/tasks/puzzles/nonogram/line_completion_label.py,configs/domains/puzzles/nonogram.yaml,,docs/tasks/puzzles/nonogram/task_puzzles__nonogram__line_completion_label.md,review/task-reviews/puzzles/nonogram/task_puzzles__nonogram__line_completion_label,,bbox,option_letter,bbox,single,single,single,single,"`select_label(nonogram.row_strip, rule=row_clue_matches_and_visible_cells_match); scene=nonogram; scope=marked_row_strip_satisfying_row_clue_and_visible_cells`",task_puzzles__nonogram__candidate_solution_label (0.45),keep,task_doc_newer_than_review_artifacts
puzzles,pipe_flow,task_puzzles__pipe_flow__misrotated_tile_label,trace/tasks/puzzles/pipe_flow/misrotated_tile_label.py,configs/domains/puzzles/pipe_flow.yaml,,docs/tasks/puzzles/pipe_flow/task_puzzles__pipe_flow__misrotated_tile_label.md,review/task-reviews/puzzles/pipe_flow/task_puzzles__pipe_flow__misrotated_tile_label,,bbox,option_letter,bbox,,single,single,single,"`select_label(misrotated_pipe_tile, rule=single_tile_rotation_reconnects_start_to_finish); scene=pipe_flow; scope=pipe_flow_misrotated_tile_label`",task_puzzles__pipe_flow__pipe_flow_repair_tile_label (0.58),keep,
puzzles,pipe_flow,task_puzzles__pipe_flow__pipe_flow_repair_tile_label,trace/tasks/puzzles/pipe_flow/pipe_flow_repair_tile_label.py,configs/domains/puzzles/pipe_flow.yaml,,docs/tasks/puzzles/pipe_flow/task_puzzles__pipe_flow__pipe_flow_repair_tile_label.md,review/task-reviews/puzzles/pipe_flow/task_puzzles__pipe_flow__pipe_flow_repair_tile_label,,bbox_map,option_letter,bbox_map,,single,single,single,"`select_label(as_drawn_2x2_pipe_repair_option, rule=connect_start_to_finish_without_rotation); scene=pipe_flow; scope=pipe_flow_repair_tile_label`",task_puzzles__pipe_flow__misrotated_tile_label (0.58),keep,task_doc_newer_than_review_artifacts
puzzles,polyomino_assembly,task_puzzles__polyomino_assembly__composition_result_label,trace/tasks/puzzles/polyomino_assembly/composition_result_label.py,configs/domains/puzzles/polyomino_assembly.yaml,,docs/tasks/puzzles/polyomino_assembly/task_puzzles__polyomino_assembly__composition_result_label.md,review/task-reviews/puzzles/polyomino_assembly/task_puzzles__polyomino_assembly__composition_result_label,option_letter,bbox,option_letter,bbox,,single,single,single,"`select_label(composite_shape_option, rule=two_source_pieces_tile_option_exactly); scene=polyomino_assembly; scope=composition_result`",task_puzzles__polyomino_assembly__decomposition_pair_label (0.64),keep,task_doc_newer_than_review_artifacts
puzzles,polyomino_assembly,task_puzzles__polyomino_assembly__decomposition_pair_label,trace/tasks/puzzles/polyomino_assembly/decomposition_pair_label.py,configs/domains/puzzles/polyomino_assembly.yaml,,docs/tasks/puzzles/polyomino_assembly/task_puzzles__polyomino_assembly__decomposition_pair_label.md,review/task-reviews/puzzles/polyomino_assembly/task_puzzles__polyomino_assembly__decomposition_pair_label,option_letter,bbox,option_letter,bbox,,single,single,single,"`select_label(option_pair, rule=two_rotatable_pieces_tile_target_exactly); scene=polyomino_assembly; scope=decomposition_pair`",task_puzzles__polyomino_assembly__composition_result_label (0.64),keep,task_doc_newer_than_review_artifacts
puzzles,polyomino_assembly,task_puzzles__polyomino_assembly__hole_fill_piece_label,trace/tasks/puzzles/polyomino_assembly/hole_fill_piece_label.py,configs/domains/puzzles/polyomino_assembly.yaml,,docs/tasks/puzzles/polyomino_assembly/task_puzzles__polyomino_assembly__hole_fill_piece_label.md,review/task-reviews/puzzles/polyomino_assembly/task_puzzles__polyomino_assembly__hole_fill_piece_label,option_letter,bbox,option_letter,bbox,,single,single,single,"`select_label(filler_piece_option, rule=option_matches_hole_under_rotation_or_reflection); scene=polyomino_assembly; scope=hole_fill_piece`",task_puzzles__polyomino_assembly__decomposition_pair_label (0.41),keep,task_doc_newer_than_review_artifacts
puzzles,raven_matrix,task_puzzles__raven_matrix__raven_analogical_transform_label,trace/tasks/puzzles/raven_matrix/raven_analogical_transform_label.py,configs/domains/puzzles/raven_matrix.yaml,,docs/tasks/puzzles/raven_matrix/task_puzzles__raven_matrix__raven_analogical_transform_label.md,review/task-reviews/puzzles/raven_matrix/task_puzzles__raven_matrix__raven_analogical_transform_label,,bbox,option_letter,bbox,,single,single,single,"`select_label(raven_option, rule=attribute_analogy_matrix_completion); scene=raven_matrix; scope=raven_analogical_transform_label`",task_puzzles__raven_matrix__raven_spatial_transform_label (0.68),keep,task_doc_newer_than_review_artifacts
puzzles,raven_matrix,task_puzzles__raven_matrix__raven_count_progression_label,trace/tasks/puzzles/raven_matrix/raven_count_progression_label.py,configs/domains/puzzles/raven_matrix.yaml,,docs/tasks/puzzles/raven_matrix/task_puzzles__raven_matrix__raven_count_progression_label.md,review/task-reviews/puzzles/raven_matrix/task_puzzles__raven_matrix__raven_count_progression_label,,bbox,option_letter,bbox,,single,single,single,"`select_label(raven_option, rule=count_progression_matrix_completion); scene=raven_matrix; scope=raven_count_progression_label`",task_puzzles__raven_matrix__raven_position_progression_label (0.76),keep,task_doc_newer_than_review_artifacts
puzzles,raven_matrix,task_puzzles__raven_matrix__raven_feature_binding_label,trace/tasks/puzzles/raven_matrix/raven_feature_binding_label.py,configs/domains/puzzles/raven_matrix.yaml,,docs/tasks/puzzles/raven_matrix/task_puzzles__raven_matrix__raven_feature_binding_label.md,review/task-reviews/puzzles/raven_matrix/task_puzzles__raven_matrix__raven_feature_binding_label,,bbox,option_letter,bbox,,single,single,single,"`select_label(raven_option, rule=feature_binding_matrix_completion); scene=raven_matrix; scope=raven_feature_binding_label`",task_puzzles__raven_matrix__raven_count_progression_label (0.75),keep,task_doc_newer_than_review_artifacts
puzzles,raven_matrix,task_puzzles__raven_matrix__raven_position_progression_label,trace/tasks/puzzles/raven_matrix/raven_position_progression_label.py,configs/domains/puzzles/raven_matrix.yaml,,docs/tasks/puzzles/raven_matrix/task_puzzles__raven_matrix__raven_position_progression_label.md,review/task-reviews/puzzles/raven_matrix/task_puzzles__raven_matrix__raven_position_progression_label,,bbox,option_letter,bbox,,single,single,single,"`select_label(raven_option, rule=non_wrapping_position_progression_matrix_completion); scene=raven_matrix; scope=raven_position_progression_label`",task_puzzles__raven_matrix__raven_count_progression_label (0.76),keep,task_doc_newer_than_review_artifacts
puzzles,raven_matrix,task_puzzles__raven_matrix__raven_set_operation_label,trace/tasks/puzzles/raven_matrix/raven_set_operation_label.py,configs/domains/puzzles/raven_matrix.yaml,,docs/tasks/puzzles/raven_matrix/task_puzzles__raven_matrix__raven_set_operation_label.md,review/task-reviews/puzzles/raven_matrix/task_puzzles__raven_matrix__raven_set_operation_label,,bbox,option_letter,bbox,,single,single,single,"`select_label(raven_option, rule=row_set_operation_matrix_completion); scene=raven_matrix; scope=raven_set_operation_label`",task_puzzles__raven_matrix__raven_count_progression_label (0.71),keep,task_doc_newer_than_review_artifacts
puzzles,raven_matrix,task_puzzles__raven_matrix__raven_spatial_transform_label,trace/tasks/puzzles/raven_matrix/raven_spatial_transform_label.py,configs/domains/puzzles/raven_matrix.yaml,,docs/tasks/puzzles/raven_matrix/task_puzzles__raven_matrix__raven_spatial_transform_label.md,review/task-reviews/puzzles/raven_matrix/task_puzzles__raven_matrix__raven_spatial_transform_label,,bbox,option_letter,bbox,,single,single,single,"`select_label(raven_option, rule=rotation_90_matrix_completion); scene=raven_matrix; scope=raven_spatial_transform_label`",task_puzzles__raven_matrix__raven_analogical_transform_label (0.68),keep,task_doc_newer_than_review_artifacts
puzzles,rubiks_net,task_puzzles__rubiks_net__post_move_face_color_count_label,trace/tasks/puzzles/rubiks_net/post_move_face_color_count_label.py,configs/domains/puzzles/rubiks_net.yaml,,docs/tasks/puzzles/rubiks_net/task_puzzles__rubiks_net__post_move_face_color_count_label.md,review/task-reviews/puzzles/rubiks_net/task_puzzles__rubiks_net__post_move_face_color_count_label,,bbox,option_letter,bbox,,single,single,single,"`select_label(number_option, rule=apply_move_sequence_then_count_target_color_on_face); scene=rubiks_net; scope=post_move_face_color_count_label`",task_puzzles__rubiks_net__post_move_sticker_color_label (0.68),keep,task_doc_newer_than_review_artifacts
puzzles,rubiks_net,task_puzzles__rubiks_net__post_move_sticker_color_label,trace/tasks/puzzles/rubiks_net/post_move_sticker_color_label.py,configs/domains/puzzles/rubiks_net.yaml,,docs/tasks/puzzles/rubiks_net/task_puzzles__rubiks_net__post_move_sticker_color_label.md,review/task-reviews/puzzles/rubiks_net/task_puzzles__rubiks_net__post_move_sticker_color_label,,bbox,option_letter,bbox,,single,single,single,"`select_label(color_swatch_option, rule=apply_move_sequence_then_read_sticker_color); scene=rubiks_net; scope=post_move_sticker_color_label`",task_puzzles__rubiks_net__post_move_face_color_count_label (0.68),keep,task_doc_newer_than_review_artifacts
puzzles,rubiks_net,task_puzzles__rubiks_net__rubiks_move_result_label,trace/tasks/puzzles/rubiks_net/rubiks_move_result_label.py,configs/domains/puzzles/rubiks_net.yaml,,docs/tasks/puzzles/rubiks_net/task_puzzles__rubiks_net__rubiks_move_result_label.md,review/task-reviews/puzzles/rubiks_net/task_puzzles__rubiks_net__rubiks_move_result_label,,bbox,option_letter,bbox,,"direct_sequence_result_label,inverse_sequence_result_label","direct_sequence_result_label,inverse_sequence_result_label","direct_sequence_result_label,inverse_sequence_result_label","`select_label(candidate_net_option, rule=apply_direct_or_inverse_move_sequence_to_cube_net); scene=rubiks_net; scope=rubiks_move_result_label`",task_puzzles__rubiks_net__post_move_sticker_color_label (0.52),keep,task_doc_newer_than_review_artifacts
puzzles,sheet_transform,task_puzzles__sheet_transform__fold_cut_result_label,trace/tasks/puzzles/sheet_transform/fold_cut_result_label.py,configs/domains/puzzles/sheet_transform.yaml,,docs/tasks/puzzles/sheet_transform/task_puzzles__sheet_transform__fold_cut_result_label.md,review/task-reviews/puzzles/sheet_transform/task_puzzles__sheet_transform__fold_cut_result_label,option_letter,bbox,option_letter,bbox,,single,single,single,"`select_label(sheet_transform.fold_cut.option, rule=fold_cut_unfolded_hole_pattern, options=4); scene=sheet_transform; scope=fold_cut_result_label`",task_puzzles__sheet_transform__fold_projection_result_label (0.67),keep,task_doc_newer_than_review_artifacts
puzzles,sheet_transform,task_puzzles__sheet_transform__fold_projection_result_label,trace/tasks/puzzles/sheet_transform/fold_projection_result_label.py,configs/domains/puzzles/sheet_transform.yaml,,docs/tasks/puzzles/sheet_transform/task_puzzles__sheet_transform__fold_projection_result_label.md,review/task-reviews/puzzles/sheet_transform/task_puzzles__sheet_transform__fold_projection_result_label,option_letter,bbox,option_letter,bbox,,single,single,single,"`select_label(sheet_transform.fold_projection.option, rule=single_axis_fold_mark_projection, options=4); scene=sheet_transform; scope=fold_projection_result_label`",task_puzzles__sheet_transform__fold_cut_result_label (0.67),keep,task_doc_newer_than_review_artifacts
puzzles,sheet_transform,task_puzzles__sheet_transform__overlay_union_result_label,trace/tasks/puzzles/sheet_transform/overlay_union_result_label.py,configs/domains/puzzles/sheet_transform.yaml,,docs/tasks/puzzles/sheet_transform/task_puzzles__sheet_transform__overlay_union_result_label.md,review/task-reviews/puzzles/sheet_transform/task_puzzles__sheet_transform__overlay_union_result_label,option_letter,bbox,option_letter,bbox,,single,single,single,"`select_label(sheet_transform.overlay_union.option, rule=union_of_two_aligned_source_sheets, options=4); scene=sheet_transform; scope=overlay_union_result_label`",task_puzzles__sheet_transform__fold_cut_result_label (0.56),keep,task_doc_newer_than_review_artifacts
puzzles,star_battle,task_puzzles__star_battle__remaining_valid_cell_count,trace/tasks/puzzles/star_battle/remaining_valid_cell_count.py,configs/domains/puzzles/star_battle.yaml,,docs/tasks/puzzles/star_battle/task_puzzles__star_battle__remaining_valid_cell_count.md,review/task-reviews/puzzles/star_battle/task_puzzles__star_battle__remaining_valid_cell_count,,,integer,bbox_set,,"remaining_valid_cells_in_marked_region_count,remaining_valid_cells_in_marked_row_count,remaining_valid_cells_in_marked_column_count","remaining_valid_cells_in_marked_column_count,remaining_valid_cells_in_marked_region_count,remaining_valid_cells_in_marked_row_count","remaining_valid_cells_in_marked_column_count,remaining_valid_cells_in_marked_region_count,remaining_valid_cells_in_marked_row_count","`count(star_battle.valid_cells, scope=marked_region|marked_row|marked_column); scene=star_battle; scope=marked_scope_cells`",task_puzzles__star_battle__valid_cell_anywhere_label (0.35),keep,task_doc_newer_than_review_artifacts
puzzles,star_battle,task_puzzles__star_battle__valid_cell_anywhere_label,trace/tasks/puzzles/star_battle/valid_cell_anywhere_label.py,configs/domains/puzzles/star_battle.yaml,,docs/tasks/puzzles/star_battle/task_puzzles__star_battle__valid_cell_anywhere_label.md,review/task-reviews/puzzles/star_battle/task_puzzles__star_battle__valid_cell_anywhere_label,,,option_letter,bbox,,single,single,single,"`select_option(star_battle.valid_cell, scope=whole_board); scene=star_battle; scope=visible_board_candidates`",task_puzzles__star_battle__remaining_valid_cell_count (0.35),keep,task_doc_newer_than_review_artifacts
puzzles,sudoku,task_puzzles__sudoku__marked_cell_candidate_count,trace/tasks/puzzles/sudoku/marked_cell_candidate_count.py,configs/domains/puzzles/sudoku.yaml,,docs/tasks/puzzles/sudoku/task_puzzles__sudoku__marked_cell_candidate_count.md,review/task-reviews/puzzles/sudoku/task_puzzles__sudoku__marked_cell_candidate_count,integer,bbox,integer,bbox,,single,single,single,"`count(candidate_digits(marked_cell, board_state)); scene=sudoku; scope=marked_cell_candidate_count`",task_puzzles__sudoku__marked_cell_value (0.81),keep,task_doc_newer_than_review_artifacts
puzzles,sudoku,task_puzzles__sudoku__marked_cell_value,trace/tasks/puzzles/sudoku/marked_cell_value.py,configs/domains/puzzles/sudoku.yaml,,docs/tasks/puzzles/sudoku/task_puzzles__sudoku__marked_cell_value.md,review/task-reviews/puzzles/sudoku/task_puzzles__sudoku__marked_cell_value,integer,bbox,integer,bbox,,single,single,single,"`value(single(candidate_digits(marked_cell, board_state))); scene=sudoku; scope=marked_cell_value`",task_puzzles__sudoku__marked_cell_candidate_count (0.81),keep,task_doc_newer_than_review_artifacts
puzzles,sudoku,task_puzzles__sudoku__mistake_cell_label,trace/tasks/puzzles/sudoku/mistake_cell_label.py,configs/domains/puzzles/sudoku.yaml,,docs/tasks/puzzles/sudoku/task_puzzles__sudoku__mistake_cell_label.md,review/task-reviews/puzzles/sudoku/task_puzzles__sudoku__mistake_cell_label,option_letter,bbox,option_letter,bbox,,single,single,single,"`select_label(option_cell, rule=filled_cell_value_violates_sudoku_constraints); scene=sudoku; scope=mistake_cell_label`",task_puzzles__sudoku__marked_cell_value (0.33),keep,
puzzles,tents,task_puzzles__tents__missing_tent_cell_label,trace/tasks/puzzles/tents/missing_tent_cell_label.py,configs/domains/puzzles/tents.yaml,,docs/tasks/puzzles/tents/task_puzzles__tents__missing_tent_cell_label.md,review/task-reviews/puzzles/tents/task_puzzles__tents__missing_tent_cell_label,option_letter,bbox,option_letter,bbox,,single,single,single,"`label(single(legal_tent_cells(marked_tree, board_state, row_clues, col_clues))); scene=tents; scope=missing_tent_cell_label`",task_puzzles__tents__violating_tent_label (0.50),keep,task_doc_newer_than_review_artifacts
puzzles,tents,task_puzzles__tents__violating_tent_label,trace/tasks/puzzles/tents/violating_tent_label.py,configs/domains/puzzles/tents.yaml,,docs/tasks/puzzles/tents/task_puzzles__tents__violating_tent_label.md,review/task-reviews/puzzles/tents/task_puzzles__tents__violating_tent_label,option_letter,bbox,option_letter,bbox,,single,single,single,"`label(single(violating_tent(labeled_tents, tree_cells, adjacency_rule))); scene=tents; scope=violating_tent_label`",task_puzzles__tents__missing_tent_cell_label (0.50),keep,task_doc_newer_than_review_artifacts
puzzles,toggle_grid,task_puzzles__toggle_grid__toggle_repair_switch_label,trace/tasks/puzzles/toggle_grid/toggle_repair_switch_label.py,configs/domains/puzzles/toggle_grid.yaml,,docs/tasks/puzzles/toggle_grid/task_puzzles__toggle_grid__toggle_repair_switch_label.md,review/task-reviews/puzzles/toggle_grid/task_puzzles__toggle_grid__toggle_repair_switch_label,,bbox,option_letter,bbox,,single,single,single,"`select_label(candidate_switch_cells, cell = inverse_one_step_toggle(start_grid, target_grid, rule=orthogonal_toggle)); scene=toggle_grid; scope=toggle_repair_switch_label`",task_puzzles__toggle_grid__toggle_result_label (0.46),keep,task_doc_newer_than_review_artifacts
puzzles,toggle_grid,task_puzzles__toggle_grid__toggle_result_label,trace/tasks/puzzles/toggle_grid/toggle_result_label.py,configs/domains/puzzles/toggle_grid.yaml,,docs/tasks/puzzles/toggle_grid/task_puzzles__toggle_grid__toggle_result_label.md,review/task-reviews/puzzles/toggle_grid/task_puzzles__toggle_grid__toggle_result_label,,bbox,option_letter,bbox,,single,single,single,"`select_label(result_grid_options, option_grid = simulate(start_grid, rule=orthogonal_toggle, action=red_marked_switch)); scene=toggle_grid; scope=toggle_result_label`",task_puzzles__toggle_grid__toggle_repair_switch_label (0.46),keep,task_doc_newer_than_review_artifacts
puzzles,voxel_cube,task_puzzles__voxel_cube__cube_count,trace/tasks/puzzles/voxel_cube/cube_count.py,configs/domains/puzzles/voxel_cube.yaml,,docs/tasks/puzzles/voxel_cube/task_puzzles__voxel_cube__cube_count.md,review/task-reviews/puzzles/voxel_cube/task_puzzles__voxel_cube__cube_count,,bbox,integer,bbox,,single,single,single,`count(unit_cubes(stack)); scene=voxel_cube; scope=cube_count`,task_puzzles__voxel_cube__cube_structure_change_count (0.53),keep,task_doc_newer_than_review_artifacts
puzzles,voxel_cube,task_puzzles__voxel_cube__cube_projection_match_label,trace/tasks/puzzles/voxel_cube/cube_projection_match_label.py,configs/domains/puzzles/voxel_cube.yaml,,docs/tasks/puzzles/voxel_cube/task_puzzles__voxel_cube__cube_projection_match_label.md,review/task-reviews/puzzles/voxel_cube/task_puzzles__voxel_cube__cube_projection_match_label,,bbox,option_letter,bbox,,single,single,single,"`select_label(projection_options, option = orthographic_projection(stack, view_direction)); scene=voxel_cube; scope=cube_projection_match_label`",task_puzzles__voxel_cube__cube_visible_projection_count (0.55),keep,task_doc_newer_than_review_artifacts
puzzles,voxel_cube,task_puzzles__voxel_cube__cube_structure_change_count,trace/tasks/puzzles/voxel_cube/cube_structure_change_count.py,configs/domains/puzzles/voxel_cube.yaml,,docs/tasks/puzzles/voxel_cube/task_puzzles__voxel_cube__cube_structure_change_count.md,review/task-reviews/puzzles/voxel_cube/task_puzzles__voxel_cube__cube_structure_change_count,,bbox_set,integer,bbox_set,,single,single,single,"`count(cube_difference(reference_stack, changed_stack)); scene=voxel_cube; scope=cube_structure_change_count`",task_puzzles__voxel_cube__cube_count (0.53),keep,task_doc_newer_than_review_artifacts
puzzles,voxel_cube,task_puzzles__voxel_cube__cube_visible_projection_count,trace/tasks/puzzles/voxel_cube/cube_visible_projection_count.py,configs/domains/puzzles/voxel_cube.yaml,,docs/tasks/puzzles/voxel_cube/task_puzzles__voxel_cube__cube_visible_projection_count.md,review/task-reviews/puzzles/voxel_cube/task_puzzles__voxel_cube__cube_visible_projection_count,,bbox_set,integer,bbox_set,,single,single,single,"`count(filled_cells(orthographic_projection(stack, view_direction))); scene=voxel_cube; scope=cube_visible_projection_count`",task_puzzles__voxel_cube__cube_projection_match_label (0.55),keep,task_doc_newer_than_review_artifacts
puzzles,word_search,task_puzzles__word_search__present_word_option_label,trace/tasks/puzzles/word_search/present_word_option_label.py,configs/domains/puzzles/word_search.yaml,,docs/tasks/puzzles/word_search/task_puzzles__word_search__present_word_option_label.md,review/task-reviews/puzzles/word_search/task_puzzles__word_search__present_word_option_label,,segment,option_letter,segment,,single,single,single,"`select_label(word_option, rule=option_word_appears_in_grid); scene=word_search; scope=present_word_option_label`",task_puzzles__word_search__search_location_label (0.43),keep,task_doc_newer_than_review_artifacts
puzzles,word_search,task_puzzles__word_search__search_location_label,trace/tasks/puzzles/word_search/search_location_label.py,configs/domains/puzzles/word_search.yaml,,docs/tasks/puzzles/word_search/task_puzzles__word_search__search_location_label.md,review/task-reviews/puzzles/word_search/task_puzzles__word_search__search_location_label,,bbox_sequence,option_letter,bbox_sequence,,single,single,single,"`select_label(location_option, rule=target_word_start_cell_and_direction); scene=word_search; scope=search_location_label`",task_puzzles__word_search__present_word_option_label (0.43),keep,task_doc_newer_than_review_artifacts
