Benchmark,benchmark_key,Prompt/run,N,Base,Step500,Delta,Scoring/extraction,Updated in latest pass
ChartMuseum,chartmuseum,vlmevalkit_defaults_qwen32b_judge_test,1000,21.3,24.3,3.0,original stage result,no
Game-QA-Lite,game_qa_lite,vlmevalkit_cot_boxed,1000,18.8,23.9,5.099999999999998,Qwen3-32B latest extraction/scoring,yes
ScreenSpot,screenspot,vlmevalkit_defaults_sample200,1000,87.94,85.11,-2.83,original stage result,no
ScreenSpot-Pro,screenspot_pro,vlmevalkit_defaults_sample200,1000,17.33,15.01,-2.31,original stage result,no
ChartQAPro,chartqapro,vlmevalkit_faithful_cot,1000,29.732144789450565,33.88622361795043,4.154078828499863,Qwen3-32B latest extraction/scoring,yes
PuzzleVQA,puzzlevqa,vlmevalkit_reasoning,1000,34.699999999999996,41.3,6.600000000000001,Qwen3-32B latest extraction/scoring,yes
LogicVista,logicvista,vlmevalkit_defaults_qwen32b_judge,447,36.02,43.4,7.38,original stage result,no
MathVista,mathvista,vlmevalkit_defaults_qwen32b_judge,1000,62.8,65.3,2.5,original stage result,no
CV-Bench 3D,cvbench_3d,vlmevalkit_defaults,1000,66.7,72.3,5.599999999999994,Qwen3-32B latest extraction/scoring,yes
WeMath,wemath,vlmevalkit_cot_qwen32b_judge,1000,44.3,61.9,17.6,Qwen3-32B latest extraction/scoring,yes
MathVision,mathvision,vlmevalkit_defaults_qwen32b_judge,1000,21.5,23.8,2.3,original stage result,no
ERQA,erqa,vlmevalkit_defaults,400,37.25,36.0,-1.25,Qwen3-32B latest extraction/scoring,yes
TreeBench,treebench,vlmevalkit_defaults,405,40.98765432098765,42.46913580246914,1.481481481481488,Qwen3-32B latest extraction/scoring,yes
CountBenchQA,countbenchqa,vlmevalkit_defaults,487,72.48459958932239,71.45790554414785,-1.026694045174537,Qwen3-32B latest extraction/scoring,yes
MathVerse,mathverse,vlmevalkit_defaults_qwen32b_judge,788,20.94,20.05,-0.89,original stage result,no
CharXivReason,charxiv_reason,vlmevalkit_defaults_qwen32b_judge,1000,29.9,34.9,5.0,original stage result,no
PhyX mini MC,phyx_mini_mc,vlmevalkit_defaults,1000,31.1,34.5,3.3999999999999986,Qwen3-32B latest extraction/scoring,yes
Physics,physics,vlmevalkit_reasoning,1000,21.3,21.2,-0.10000000000000142,Qwen3-32B latest extraction/scoring,yes
MMMU-ProVis,mmmu_pro_vision,vlmevalkit_cot_max2048,1000,24.7,30.3,5.600000000000001,Qwen3-32B latest extraction/scoring,yes
Blink,blink,vlmevalkit_defaults,1000,46.7,46.1,-0.6000000000000014,Qwen3-32B latest extraction/scoring,yes
VisionGraph-Q3,visiongraph_q3,vlmevalkit_q3,1000,12.593754455663321,13.420327143621146,0.8265726879578246,Qwen3-32B latest extraction/scoring,yes
VStarBench,vstarbench,vlmevalkit_defaults,191,70.15706806282722,74.3455497382199,4.18848167539268,Qwen3-32B latest extraction/scoring,yes
VLMBias,vlmbias,vlmevalkit_defaults,1000,19.1,20.200000000000003,1.1000000000000014,Qwen3-32B latest extraction/scoring,yes
