key,benchmark,prompt_run,N,Old_Base,New_Base_LLMExtract,Base_NewMinusOld,Old_Step500,New_Step500_LLMExtract,Step500_NewMinusOld,Old_Delta_Step500MinusBase,New_Delta_Step500MinusBase,Delta_Shift,Base_response_mean,Step500_response_mean,llm_extract_base_score_path,llm_extract_step500_score_path
blink,Blink,vlmevalkit_defaults,1000,52.400000000000006,53.800000000000004,1.3999999999999986,33.300000000000004,57.3,23.999999999999993,-19.1,3.499999999999993,22.599999999999994,21.804,142.562,benchmark/llm_extracted/trace_candidate7_1000_7b_base_vs_step500_qwen32b_extract_20260713T001500Z/scores/blink/qwen25vl7b-base/llm_extracted/scores.json,benchmark/llm_extracted/trace_candidate7_1000_7b_base_vs_step500_qwen32b_extract_20260713T001500Z/scores/blink/trace-qwen25vl7b-easyr1-all1000-answer-nokl-step500/llm_extracted/scores.json
chartqapro,ChartQAPro,vlmevalkit_faithful_cot,1000,32.499683708795565,46.715921420148234,14.216237711352669,17.809405575905572,50.018167506245604,32.20876193034003,-14.690278132889993,3.3022460860973695,17.992524218987363,173.691,377.359,benchmark/llm_extracted/trace_candidate7_1000_7b_base_vs_step500_qwen32b_extract_20260713T001500Z/scores/chartqapro/qwen25vl7b-base/llm_extracted/scores.json,benchmark/llm_extracted/trace_candidate7_1000_7b_base_vs_step500_qwen32b_extract_20260713T001500Z/scores/chartqapro/trace-qwen25vl7b-easyr1-all1000-answer-nokl-step500/llm_extracted/scores.json
game_qa_lite,Game-QA-Lite,vlmevalkit_cot_boxed,1000,23.3,24.0,0.6999999999999993,29.6,27.1,-2.5,6.300000000000001,3.1000000000000014,-3.1999999999999993,325.086,584.462,benchmark/llm_extracted/trace_gameqa_1000_7b_base_vs_step500_qwen32b_extract_mixed_v2_20260713T002500Z/scores/game_qa_lite/qwen25vl7b-base/llm_extracted/scores.json,benchmark/llm_extracted/trace_gameqa_1000_7b_base_vs_step500_qwen32b_extract_mixed_v2_20260713T002500Z/scores/game_qa_lite/trace-qwen25vl7b-easyr1-all1000-answer-nokl-step500/llm_extracted/scores.json
countbenchqa,CountBenchQA,vlmevalkit_defaults,487,86.24229979466119,86.24229979466119,0.0,86.652977412731,86.652977412731,0.0,0.41067761806981196,0.41067761806981196,0.0,2.11088295687885,2.0944558521560577,benchmark/llm_extracted/trace_candidate7_1000_7b_base_vs_step500_qwen32b_extract_20260713T001500Z/scores/countbenchqa/qwen25vl7b-base/llm_extracted/scores.json,benchmark/llm_extracted/trace_candidate7_1000_7b_base_vs_step500_qwen32b_extract_20260713T001500Z/scores/countbenchqa/trace-qwen25vl7b-easyr1-all1000-answer-nokl-step500/llm_extracted/scores.json
erqa,ERQA,vlmevalkit_defaults,400,40.0,41.0,1.0,41.25,41.5,0.25,1.25,0.5,-0.75,2.0125,2.005,benchmark/llm_extracted/trace_candidate7_1000_7b_base_vs_step500_qwen32b_extract_20260713T001500Z/scores/erqa/qwen25vl7b-base/llm_extracted/scores.json,benchmark/llm_extracted/trace_candidate7_1000_7b_base_vs_step500_qwen32b_extract_20260713T001500Z/scores/erqa/trace-qwen25vl7b-easyr1-all1000-answer-nokl-step500/llm_extracted/scores.json
vstarbench,VStarBench,vlmevalkit_defaults,191,76.43979057591623,76.43979057591623,0.0,72.25130890052355,73.29842931937172,1.0471204188481664,-4.18848167539268,-3.1413612565445135,1.0471204188481664,5.994764397905759,23.7434554973822,benchmark/llm_extracted/trace_candidate7_1000_7b_base_vs_step500_qwen32b_extract_20260713T001500Z/scores/vstarbench/qwen25vl7b-base/llm_extracted/scores.json,benchmark/llm_extracted/trace_candidate7_1000_7b_base_vs_step500_qwen32b_extract_20260713T001500Z/scores/vstarbench/trace-qwen25vl7b-easyr1-all1000-answer-nokl-step500/llm_extracted/scores.json
cvbench_3d,CV-Bench 3D,vlmevalkit_defaults,1000,71.89999999999999,74.5,2.6000000000000085,68.60000000000001,80.0,11.399999999999991,-3.299999999999983,5.5,8.799999999999983,122.426,206.041,benchmark/llm_extracted/trace_candidate7_1000_7b_base_vs_step500_qwen32b_extract_20260713T001500Z/scores/cvbench_3d/qwen25vl7b-base/llm_extracted/scores.json,benchmark/llm_extracted/trace_candidate7_1000_7b_base_vs_step500_qwen32b_extract_20260713T001500Z/scores/cvbench_3d/trace-qwen25vl7b-easyr1-all1000-answer-nokl-step500/llm_extracted/scores.json
average_unweighted,Average (unweighted),,5078,54.68311058276756,57.5282873986751,2.845176815907525,49.9233845555943,59.4099391769069,9.486554621312596,-4.759726027173264,1.881651778231809,6.641377805405073,93.30359247925496,191.18098733564833,,
average_weighted_by_rows,Average (weighted by rows),,5078,49.763624204174,53.567530803495124,3.803906599321125,43.680465847953045,56.56127757113935,12.880811723186298,-6.083158356220949,2.993746767644222,9.07690512386517,127.21248523040568,259.3109491925955,,
