source_group,decoding,benchmark_key,benchmark,dataset_alias,prompt_run,rows,base_score,answer_grpo_step500_score,annotation_additive_0p50_step500_score,delta_answer_grpo_minus_base,delta_annotation_minus_base,delta_annotation_minus_answer_grpo,base_response_mean,answer_response_mean,annotation_response_mean,base_response_max,answer_response_max,annotation_response_max,base_length_cap_fraction,answer_length_cap_fraction,annotation_length_cap_fraction,base_score_run,answer_score_run,annotation_score_run
grounding5,greedy,groundingme,GroundingME,GroundingME,vlmevalkit_bbox_iou,1005.0,11.14427860696517,11.34328358208955,11.94029850746269,0.19900497512437987,0.7960199004975212,0.5970149253731414,98.14228855721393,71.29751243781095,46.81592039800995,4096.0,4096.0,4096.0,0.003980099502487562,0.0009950248756218905,0.0009950248756218905,vlmevalkit_bbox_iou,vlmevalkit_bbox_iou,vlmevalkit_bbox_iou
grounding5,temp0.6,groundingme,GroundingME,GroundingME,vlmevalkit_bbox_iou,1005.0,9.751243781094528,10.54726368159204,11.54228855721393,0.7960199004975124,1.791044776119401,0.9950248756218887,79.83383084577115,77.36417910447761,65.68557213930349,371.0,277.0,277.0,0.0,0.0,0.0,vlmevalkit_bbox_iou,vlmevalkit_bbox_iou,vlmevalkit_bbox_iou
grounding5,greedy,osworld_g,OSWorld-G,OSWorld_G,vlmevalkit_gui_click,564.0,3.723404255319149,3.900709219858156,1.950354609929078,0.17730496453900724,-1.7730496453900708,-1.950354609929078,17.72163120567376,70.80319148936171,17.70744680851064,141.0,4096.0,134.0,0.0,0.001773049645390071,0.0,vlmevalkit_gui_click,vlmevalkit_gui_click,vlmevalkit_gui_click
grounding5,temp0.6,osworld_g,OSWorld-G,OSWorld_G,vlmevalkit_gui_click,564.0,1.950354609929078,2.304964539007092,2.304964539007092,0.3546099290780138,0.3546099290780138,0.0,18.76950354609929,26.77482269503546,17.99290780141844,505.0,476.0,74.0,0.0,0.0,0.0,vlmevalkit_gui_click,vlmevalkit_gui_click,vlmevalkit_gui_click
grounding5,greedy,refcoco,RefCOCO,RefCOCO,vlmevalkit_bbox_iou,1000.0,21.3,27.2,16.3,5.899999999999999,-5.0,-10.899999999999999,35.045,27.501,32.942,70.0,70.0,70.0,0.0,0.0,0.0,vlmevalkit_bbox_iou,vlmevalkit_bbox_iou,vlmevalkit_bbox_iou
grounding5,temp0.6,refcoco,RefCOCO,RefCOCO,vlmevalkit_bbox_iou,1000.0,5.2,9.9,6.5,4.7,1.2999999999999998,-3.4000000000000004,45.005,53.428,57.53,70.0,4096.0,4096.0,0.0,0.004,0.004,vlmevalkit_bbox_iou,vlmevalkit_bbox_iou,vlmevalkit_bbox_iou
grounding5,greedy,refspatial_wo_unseen,RefSpatial wo unseen,RefSpatial_wo_unseen,vlmevalkit_point_mask,200.0,0.0,0.5,0.5,0.5,0.5,0.0,39.75,39.445,38.31,63.0,63.0,99.0,0.0,0.0,0.0,vlmevalkit_point_mask,vlmevalkit_point_mask,vlmevalkit_point_mask
grounding5,temp0.6,refspatial_wo_unseen,RefSpatial wo unseen,RefSpatial_wo_unseen,vlmevalkit_point_mask,200.0,0.0,0.0,0.5,0.0,0.5,0.5,39.82,39.86,38.725,63.0,63.0,63.0,0.0,0.0,0.0,vlmevalkit_point_mask,vlmevalkit_point_mask,vlmevalkit_point_mask
grounding5,greedy,tdbench_grounding,TDBenchGrounding rot0,tdbench_grounding_rot0,vlmevalkit_bbox_centroid,200.0,2.5,1.5,0.5,-1.0,-2.0,-1.0,20.58,20.45,41.25,36.0,25.0,4096.0,0.0,0.0,0.005,vlmevalkit_bbox_centroid,vlmevalkit_bbox_centroid,vlmevalkit_bbox_centroid
grounding5,temp0.6,tdbench_grounding,TDBenchGrounding rot0,tdbench_grounding_rot0,vlmevalkit_bbox_centroid,200.0,1.5,3.0,0.5,1.5,-1.0,-2.5,20.61,20.57,23.02,40.0,38.0,132.0,0.0,0.0,0.0,vlmevalkit_bbox_centroid,vlmevalkit_bbox_centroid,vlmevalkit_bbox_centroid
main_ann29,greedy,blink,Blink,BLINK,vlmevalkit_defaults,1901.0,48.9742,49.7633,49.86849026827985,0.7890999999999977,0.8942902682798461,0.10519026827984845,,,6.83008942661757,,,349.0,,,0.0,,,llm_extracted
main_ann29,temp0.6,blink,Blink,BLINK,vlmevalkit_defaults,1901.0,44.5555,46.5018,47.02788006312467,1.9463000000000008,2.4723800631246675,0.5260800631246667,,,5.132561809573908,,,51.0,,,0.0,,,llm_extracted
main_ann29,greedy,chartmuseum,ChartMuseum,ChartMuseum_test,vlmevalkit_defaults_qwen32b_judge_test,1000.0,19.4,22.1,21.1,2.700000000000003,1.7000000000000028,-1.0,,,143.636,,,4096.0,,,0.007,,,vlmevalkit_defaults_qwen32b_judge_test
main_ann29,temp0.6,chartmuseum,ChartMuseum,ChartMuseum_test,vlmevalkit_defaults_qwen32b_judge_test,1000.0,16.2,20.4,18.0,4.199999999999999,1.8000000000000007,-2.3999999999999986,,,94.519,,,4096.0,,,0.001,,,vlmevalkit_defaults_qwen32b_judge_test
main_ann29,greedy,chartqapro,ChartQAPro,ChartQAPro_CoT,vlmevalkit_faithful_cot,1948.0,34.2922,34.2128,33.84415636880124,-0.07939999999999969,-0.44804363119876456,-0.36864363119876487,,,6.948151950718686,,,3391.0,,,0.0,,,llm_extracted
main_ann29,temp0.6,chartqapro,ChartQAPro,ChartQAPro_CoT,vlmevalkit_faithful_cot,1948.0,32.4924,33.2681,33.81667309415904,0.7756999999999934,1.3242730941590395,0.5485730941590461,,,5.51488706365503,,,65.0,,,0.0,,,llm_extracted
main_ann29,greedy,charxivreason,CharXivReason,CharXiv_reasoning_val,vlmevalkit_defaults_qwen32b_judge,1000.0,32.7,36.7,34.9,4.0,2.1999999999999957,-1.8000000000000043,,,15.373,,,4096.0,,,0.001,,,vlmevalkit_defaults_qwen32b_judge
main_ann29,temp0.6,charxivreason,CharXivReason,CharXiv_reasoning_val,vlmevalkit_defaults_qwen32b_judge,1000.0,29.9,33.7,32.7,3.8000000000000043,2.8000000000000043,-1.0,,,13.009,,,338.0,,,0.0,,,vlmevalkit_defaults_qwen32b_judge
main_ann29,greedy,countbenchqa,CountBenchQA,CountBenchQA,vlmevalkit_defaults,487.0,71.2526,72.4846,77.82340862422998,1.2319999999999993,6.570808624229983,5.3388086242299835,,,2.084188911704312,,,3.0,,,0.0,,,llm_extracted
main_ann29,temp0.6,countbenchqa,CountBenchQA,CountBenchQA,vlmevalkit_defaults,487.0,68.7885,70.0205,73.30595482546201,1.2319999999999993,4.517454825462011,3.2854548254620113,,,2.092402464065708,,,3.0,,,0.0,,,llm_extracted
main_ann29,greedy,countqa,CountQA,CountQA,vlmevalkit_cot_boxed,1528.0,15.9031,15.3141,16.68848167539267,-0.5890000000000004,0.785381675392669,1.3743816753926694,,,3.195026178010471,,,24.0,,,0.0,,,llm_extracted
main_ann29,temp0.6,countqa,CountQA,CountQA,vlmevalkit_cot_boxed,1528.0,15.7068,16.6885,17.53926701570681,0.9817000000000018,1.8324670157068095,0.8507670157068077,,,3.467277486910995,,,24.0,,,0.0,,,llm_extracted
main_ann29,greedy,cvbench_3d,CV-Bench 3D,CV-Bench-3D,vlmevalkit_defaults,1200.0,65.8333,72.4167,68.08333333333333,6.583400000000012,2.2500333333333344,-4.333366666666677,,,30.45416666666667,,,299.0,,,0.0,,,llm_extracted
main_ann29,temp0.6,cvbench_3d,CV-Bench 3D,CV-Bench-3D,vlmevalkit_defaults,1200.0,57.1667,64.1667,62.58333333333334,7.000000000000007,5.416633333333344,-1.583366666666663,,,22.43083333333333,,,335.0,,,0.0,,,llm_extracted
main_ann29,greedy,erqa,ERQA,ERQA,vlmevalkit_defaults,400.0,38.0,35.5,37.25,-2.5,-0.75,1.75,,,2.035,,,3.0,,,0.0,,,llm_extracted
main_ann29,temp0.6,erqa,ERQA,ERQA,vlmevalkit_defaults,400.0,33.25,34.0,36.75,0.75,3.5,2.75,,,2.0325,,,3.0,,,0.0,,,llm_extracted
main_ann29,greedy,game_qa_lite,Game-QA-Lite,Game-QA-Lite,vlmevalkit_cot_boxed,2633.0,22.7497,23.8511,22.93961260919104,1.1013999999999982,0.18991260919104036,-0.9114873908089578,,,6.113938473224459,,,72.0,,,0.0,,,llm_extracted
main_ann29,temp0.6,game_qa_lite,Game-QA-Lite,Game-QA-Lite,vlmevalkit_cot_boxed,2633.0,18.9897,20.7748,21.30649449297379,1.7851,2.3167944929737914,0.5316944929737915,,,5.58526395746297,,,32.0,,,0.0,,,llm_extracted
main_ann29,greedy,logicvista,LogicVista,LogicVista,vlmevalkit_defaults_qwen32b_judge,447.0,40.4922,42.7293,40.7158836689038,2.237100000000005,0.22368366890380287,-2.0134163310962023,,,188.9418344519016,,,4096.0,,,0.004474272930648769,,,vlmevalkit_defaults_qwen32b_judge
main_ann29,temp0.6,logicvista,LogicVista,LogicVista,vlmevalkit_defaults_qwen32b_judge,447.0,35.5705,42.2819,36.46532438478747,6.711399999999998,0.8948243847874693,-5.816575615212528,,,145.1812080536913,,,4096.0,,,0.004474272930648769,,,vlmevalkit_defaults_qwen32b_judge
main_ann29,greedy,mathverse,MathVerse,MathVerse_MINI_Vision_Only_cot,vlmevalkit_defaults_qwen32b_judge,788.0,17.8934,21.5736,19.54314720812183,3.6801999999999992,1.6497472081218305,-2.0304527918781687,,,496.1687817258883,,,4096.0,,,0.03426395939086294,,,vlmevalkit_defaults_qwen32b_judge
main_ann29,temp0.6,mathverse,MathVerse,MathVerse_MINI_Vision_Only_cot,vlmevalkit_defaults_qwen32b_judge,788.0,19.0355,21.3198,22.58883248730965,2.2843000000000018,3.5533324873096497,1.269032487309648,,,366.7068527918782,,,4096.0,,,0.003807106598984772,,,vlmevalkit_defaults_qwen32b_judge
main_ann29,greedy,mathvision,MathVision,MathVision,vlmevalkit_defaults_qwen32b_judge,3040.0,22.4671,26.3816,21.67763157894737,3.9145000000000003,-0.7894684210526286,-4.703968421052629,,,536.610197368421,,,4096.0,,,0.04177631578947368,,,vlmevalkit_defaults_qwen32b_judge
main_ann29,temp0.6,mathvision,MathVision,MathVision,vlmevalkit_defaults_qwen32b_judge,3040.0,19.8684,25.2632,21.875,5.3948,2.006599999999999,-3.388200000000001,,,354.0664473684211,,,4096.0,,,0.004276315789473684,,,vlmevalkit_defaults_qwen32b_judge
main_ann29,greedy,mathvista,MathVista,MathVista_MINI,vlmevalkit_defaults_qwen32b_judge,1000.0,62.1,65.6,65.9,3.499999999999993,3.8000000000000043,0.30000000000001137,,,142.502,,,4096.0,,,0.009,,,vlmevalkit_defaults_qwen32b_judge
main_ann29,temp0.6,mathvista,MathVista,MathVista_MINI,vlmevalkit_defaults_qwen32b_judge,1000.0,61.9,66.6,64.0,4.699999999999996,2.1000000000000014,-2.5999999999999943,,,82.491,,,4096.0,,,0.002,,,vlmevalkit_defaults_qwen32b_judge
main_ann29,greedy,mmhelix,MM-HELIX,MM-HELIX,vlmevalkit_boxed_defaults,1290.0,3.3333,4.1085,4.573643410852712,0.7752000000000003,1.2403434108527125,0.46514341085271216,,,424.2790697674419,,,4096.0,,,0.05736434108527132,,,vlmevalkit_boxed_defaults
main_ann29,temp0.6,mmhelix,MM-HELIX,MM-HELIX,vlmevalkit_boxed_defaults,1290.0,4.031,4.8837,3.333333333333332,0.8527000000000005,-0.6976666666666675,-1.550366666666668,,,265.5348837209302,,,4096.0,,,0.02403100775193798,,,vlmevalkit_boxed_defaults
main_ann29,greedy,mmmu_pro_vision,MMMU-ProVis,MMMU_Pro_V_COT,vlmevalkit_cot_max2048,1730.0,29.0173,30.289,28.20809248554913,1.2717000000000027,-0.8092075144508684,-2.080907514450871,,,473.8179190751445,,,4096.0,,,0.01502890173410405,,,llm_extracted
main_ann29,temp0.6,mmmu_pro_vision,MMMU-ProVis,MMMU_Pro_V_COT,vlmevalkit_cot_max2048,1730.0,26.9364,31.7919,27.6878612716763,4.855499999999999,0.7514612716763018,-4.104038728323697,,,416.8693641618497,,,4096.0,,,0.001734104046242775,,,llm_extracted
main_ann29,greedy,omni3dbench,Omni3DBench,Omni3DBench,vlmevalkit_defaults,501.0,35.1113,35.2545,35.39796357819613,0.14320000000000022,0.28666357819613353,0.1434635781961333,,,7.355289421157685,,,25.0,,,0.0,,,vlmevalkit_defaults
main_ann29,temp0.6,omni3dbench,Omni3DBench,Omni3DBench,vlmevalkit_defaults,501.0,32.7785,33.7902,34.72671342438785,1.0116999999999976,1.948213424387852,0.9365134243878543,,,7.463073852295409,,,13.0,,,0.0,,,vlmevalkit_defaults
main_ann29,greedy,physics,Physics,Physics,vlmevalkit_reasoning,1297.0,21.0486,20.9715,19.96915959907479,-0.0771000000000015,-1.0794404009252112,-1.0023404009252097,,,971.9221279876639,,,4096.0,,,0.05088666152659985,,,llm_extracted
main_ann29,temp0.6,physics,Physics,Physics,vlmevalkit_reasoning,1297.0,21.6654,20.8944,20.20046260601388,-0.7710000000000008,-1.4649373939861228,-0.693937393986122,,,755.5389360061681,,,4096.0,,,0.003084040092521203,,,llm_extracted
main_ann29,greedy,phyx_mini_mc,PhyX mini MC,PhyX_mini_MC,vlmevalkit_defaults,1000.0,33.2,35.6,36.8,2.3999999999999986,3.5999999999999943,1.1999999999999957,,,2.0,,,2.0,,,0.0,,,llm_extracted
main_ann29,temp0.6,phyx_mini_mc,PhyX mini MC,PhyX_mini_MC,vlmevalkit_defaults,1000.0,32.9,37.1,33.8,4.200000000000003,0.8999999999999986,-3.3000000000000043,,,2.0,,,2.0,,,0.0,,,llm_extracted
main_ann29,greedy,puzzlevqa,PuzzleVQA,PuzzleVQA,vlmevalkit_reasoning,2000.0,31.4,40.0,36.95,8.600000000000001,5.550000000000004,-3.049999999999997,,,253.5425,,,4096.0,,,0.0125,,,llm_extracted
main_ann29,temp0.6,puzzlevqa,PuzzleVQA,PuzzleVQA,vlmevalkit_reasoning,2000.0,33.55,42.55,37.85,9.0,4.300000000000004,-4.699999999999996,,,208.9175,,,4096.0,,,0.002,,,llm_extracted
main_ann29,greedy,screenspot,ScreenSpot,ScreenSpot,vlmevalkit_defaults_sample200,1272.0,72.7201,61.8711,75.47169811320755,-10.849000000000004,2.7515981132075495,13.600598113207553,,,18.03380503144654,,,159.0,,,0.0,,,vlmevalkit_defaults_sample200
main_ann29,temp0.6,screenspot,ScreenSpot,ScreenSpot,vlmevalkit_defaults_sample200,1272.0,50.0,54.3239,63.4433962264151,4.323900000000002,13.443396226415103,9.119496226415102,,,17.86477987421384,,,210.0,,,0.0,,,vlmevalkit_defaults_sample200
main_ann29,greedy,screenspotpro,ScreenSpot-Pro,ScreenSpot_Pro,vlmevalkit_defaults_sample200,1581.0,19.8608,11.4485,22.8336495888678,-8.412300000000002,2.972849588867799,11.385149588867801,,,31.07273877292853,,,4096.0,,,0.001265022137887413,,,vlmevalkit_defaults_sample200
main_ann29,temp0.6,screenspotpro,ScreenSpot-Pro,ScreenSpot_Pro,vlmevalkit_defaults_sample200,1581.0,10.4364,10.4364,20.6831119544592,0.0,10.2467119544592,10.2467119544592,,,20.51549652118912,,,782.0,,,0.0,,,vlmevalkit_defaults_sample200
main_ann29,greedy,spatialvizbench_cot,SpatialVizBench COT,SpatialVizBench_CoT,vlmevalkit_cot,1180.0,21.5254,27.7119,27.45762711864407,6.186499999999999,5.932227118644068,-0.25427288135593074,,,220.8093220338983,,,4096.0,,,0.001694915254237288,,,llm_extracted
main_ann29,temp0.6,spatialvizbench_cot,SpatialVizBench COT,SpatialVizBench_CoT,vlmevalkit_cot,1180.0,25.8475,26.7797,28.13559322033898,0.9321999999999981,2.288093220338979,1.3558932203389809,,,214.3161016949153,,,1694.0,,,0.0,,,llm_extracted
main_ann29,greedy,spbench_si_cot,SPBench SI COT,SPBench-SI_CoT,vlmevalkit_cot,1009.0,17.8394,17.9386,19.52428146679881,0.09919999999999973,1.6848814667988101,1.5856814667988104,,,105.4053518334985,,,329.0,,,0.0,,,llm_extracted
main_ann29,temp0.6,spbench_si_cot,SPBench SI COT,SPBench-SI_CoT,vlmevalkit_cot,1009.0,16.1546,18.5332,18.63230921704658,2.3786000000000023,2.4777092170465806,0.09910921704657838,,,113.2596630327056,,,326.0,,,0.0,,,llm_extracted
main_ann29,greedy,tablevqabench,TableVQABench,TableVQABench,vlmevalkit_defaults,1500.0,71.68,74.5067,73.5733334,2.826699999999988,1.8933333999999888,-0.9333665999999994,,,7.208,,,4096.0,,,0.0006666666666666666,,,vlmevalkit_defaults
main_ann29,temp0.6,tablevqabench,TableVQABench,TableVQABench,vlmevalkit_defaults,1500.0,68.4533,71.3067,72.48,2.8534000000000077,4.026700000000005,1.1732999999999976,,,4.428666666666667,,,41.0,,,0.0,,,vlmevalkit_defaults
main_ann29,greedy,treebench,TreeBench,TreeBench,vlmevalkit_defaults,405.0,39.7531,41.2346,39.01234567901234,1.481499999999997,-0.7407543209876621,-2.222254320987659,,,11.67407407407407,,,189.0,,,0.0,,,llm_extracted
main_ann29,temp0.6,treebench,TreeBench,TreeBench,vlmevalkit_defaults,405.0,38.2716,39.7531,38.2716049382716,1.481500000000004,4.9382716014179096e-06,-1.4814950617284026,,,6.649382716049383,,,276.0,,,0.0,,,llm_extracted
main_ann29,greedy,visualpuzzles,VisualPuzzles,VisualPuzzles,vlmevalkit_reasoning,1168.0,19.2637,17.637,18.83561643835617,-1.6266999999999996,-0.428083561643831,1.1986164383561686,,,354.5188356164384,,,4096.0,,,0.01541095890410959,,,llm_extracted
main_ann29,temp0.6,visualpuzzles,VisualPuzzles,VisualPuzzles,vlmevalkit_reasoning,1168.0,16.0959,18.5788,17.38013698630137,2.4829000000000008,1.2842369863013694,-1.1986630136986314,,,315.9477739726028,,,4096.0,,,0.00684931506849315,,,llm_extracted
main_ann29,greedy,vlmbias,VLMBias,VLMBias,vlmevalkit_defaults,2782.0,19.4824,19.9497,20.52480230050323,0.4673000000000016,1.0424023005032304,0.5751023005032287,,,4.132997843278218,,,5.0,,,0.0,,,llm_extracted
main_ann29,temp0.6,vlmbias,VLMBias,VLMBias,vlmevalkit_defaults,2782.0,23.5083,23.7958,23.79583033788641,0.2875000000000014,0.28753033788641247,3.0337886411047066e-05,,,4.122573687994249,,,5.0,,,0.0,,,llm_extracted
main_ann29,greedy,vstarbench,VStarBench,VStarBench,vlmevalkit_defaults,191.0,74.3455,74.8691,74.86910994764398,0.5236000000000018,0.5236099476439762,9.947643974328457e-06,,,4.109947643979058,,,7.0,,,0.0,,,llm_extracted
main_ann29,temp0.6,vstarbench,VStarBench,VStarBench,vlmevalkit_defaults,191.0,70.1571,72.7749,71.72774869109948,2.6178000000000026,1.5706486910994784,-1.0471513089005242,,,4.104712041884817,,,6.0,,,0.0,,,llm_extracted
main_ann29,greedy,wemath,WeMath,WeMath_COT,vlmevalkit_cot_qwen32b_judge,1740.0,51.092,59.9425,52.81609195402299,8.850500000000004,1.7240919540229882,-7.126408045977016,,,145.414367816092,,,4096.0,,,0.002298850574712644,,,llm_extracted
main_ann29,temp0.6,wemath,WeMath,WeMath_COT,vlmevalkit_cot_qwen32b_judge,1740.0,47.7011,59.1954,51.66666666666667,11.494300000000003,3.9655666666666747,-7.528733333333328,,,128.8350574712644,,,3501.0,,,0.0,,,llm_extracted
ocr_screenspot_v2,greedy,ocrbench_v2_mini,OCRBench v2 MINI,OCRBench_v2_MINI,vlmevalkit_defaults,2500.0,49.25955520792255,49.19342846241787,49.367534750997,-0.06612674550468256,0.10797954307444968,0.17410628857913224,156.8152,172.7892,174.4312,4096.0,4096.0,4096.0,0.004,0.0036,0.0068,vlmevalkit_defaults,vlmevalkit_defaults,vlmevalkit_defaults
ocr_screenspot_v2,temp0.6,ocrbench_v2_mini,OCRBench v2 MINI,OCRBench_v2_MINI,vlmevalkit_defaults,2500.0,45.34630273341412,47.90870305487628,47.75170095621152,2.5624003214621567,2.405398222797402,-0.1570020986647549,150.3732,162.8236,151.124,4096.0,4096.0,4096.0,0.002,0.0008,0.0012,vlmevalkit_defaults,vlmevalkit_defaults,vlmevalkit_defaults
ocr_screenspot_v2,greedy,screenspot_v2,ScreenSpot v2,ScreenSpot_v2,vlmevalkit_defaults,1272.0,77.12264150943396,67.13836477987421,77.67295597484278,-9.984276729559753,0.5503144654088175,10.53459119496857,22.78694968553459,61.4064465408805,17.71933962264151,4096.0,4096.0,139.0,0.0007861635220125787,0.001572327044025157,0.0,vlmevalkit_defaults,vlmevalkit_defaults,vlmevalkit_defaults
ocr_screenspot_v2,temp0.6,screenspot_v2,ScreenSpot v2,ScreenSpot_v2,vlmevalkit_defaults,1272.0,51.17924528301887,56.60377358490566,65.01572327044025,5.424528301886788,13.836477987421375,8.411949685534587,17.73584905660377,28.87421383647799,17.59040880503145,114.0,1123.0,210.0,0.0,0.0,0.0,vlmevalkit_defaults,vlmevalkit_defaults,vlmevalkit_defaults
