key,benchmark,prompt_run,N,Base,Step500,Delta,Base_response_mean,Step500_response_mean,Base_response_median,Step500_response_median,Base_response_max,Step500_response_max,Base_cap_fraction,Step500_cap_fraction,Base_score_path,Step500_score_path
chartmuseum,ChartMuseum,vlmevalkit_defaults_qwen32b_judge_test,1000,28.499999999999996,34.5,6.0000000000000036,248.634,631.297,,,1043,4096,0.0,0.002,runs/chartmuseum/qwen25vl7b-base/vlmevalkit_defaults_qwen32b_judge_test/scores.json,runs/chartmuseum/trace-qwen25vl7b-easyr1-all1000-answer-nokl-step500/vlmevalkit_defaults_qwen32b_judge_test/scores.json
game_qa_lite,Game-QA-Lite,vlmevalkit_cot_boxed,1000,23.3,29.599999999999998,6.299999999999997,325.086,584.462,,,4096,4096,0.003,0.002,runs/game_qa_lite/qwen25vl7b-base/vlmevalkit_cot_boxed/scores.json,runs/game_qa_lite/trace-qwen25vl7b-easyr1-all1000-answer-nokl-step500/vlmevalkit_cot_boxed/scores.json
screenspot,ScreenSpot,vlmevalkit_defaults_sample200,1000,70.1,74.1,4.0,66.454,127.657,,,228,693,0.0,0.0,runs/screenspot/qwen25vl7b-base/vlmevalkit_defaults_sample200/scores.json,runs/screenspot/trace-qwen25vl7b-easyr1-all1000-answer-nokl-step500/vlmevalkit_defaults_sample200/scores.json
screenspotpro,ScreenSpot-Pro,vlmevalkit_defaults_sample200,1000,11.1,11.700000000000001,0.6000000000000014,92.641,184.412,,,507,1024,0.0,0.001,runs/screenspotpro/qwen25vl7b-base/vlmevalkit_defaults_sample200/scores.json,runs/screenspotpro/trace-qwen25vl7b-easyr1-all1000-answer-nokl-step500/vlmevalkit_defaults_sample200/scores.json
chartqapro,ChartQAPro,vlmevalkit_faithful_cot,1000,32.49909307305673,8.87867616642617,-23.62041690663056,173.691,377.359,,,1151,4096,0.0,0.001,runs/chartqapro/qwen25vl7b-base/vlmevalkit_faithful_cot/scores.json,runs/chartqapro/trace-qwen25vl7b-easyr1-all1000-answer-nokl-step500/vlmevalkit_faithful_cot/scores.json
puzzlevqa,PuzzleVQA,vlmevalkit_reasoning,1000,45.2,43.0,-2.200000000000003,244.227,364.137,,,4096,893,0.001,0.0,runs/puzzlevqa/qwen25vl7b-base/vlmevalkit_reasoning/scores.json,runs/puzzlevqa/trace-qwen25vl7b-easyr1-all1000-answer-nokl-step500/vlmevalkit_reasoning/scores.json
logicvista,LogicVista,vlmevalkit_defaults_qwen32b_judge,447,44.29530201342282,48.09843400447427,3.803131991051451,267.8590604026846,446.08053691275165,,,942,4096,0.0,0.0022371364653243847,runs/logicvista/qwen25vl7b-base/vlmevalkit_defaults_qwen32b_judge/scores.json,runs/logicvista/trace-qwen25vl7b-easyr1-all1000-answer-nokl-step500/vlmevalkit_defaults_qwen32b_judge/scores.json
mathvista,MathVista,vlmevalkit_defaults_qwen32b_judge,1000,69.69999999999999,74.4,4.700000000000017,189.87,310.749,,,1251,1780,0.0,0.0,runs/mathvista/qwen25vl7b-base/vlmevalkit_defaults_qwen32b_judge/scores.json,runs/mathvista/trace-qwen25vl7b-easyr1-all1000-answer-nokl-step500/vlmevalkit_defaults_qwen32b_judge/scores.json
cvbench_3d,CV-Bench 3D,vlmevalkit_defaults,1000,71.89999999999999,68.60000000000001,-3.299999999999983,122.426,206.041,,,310,491,0.0,0.0,runs/cvbench_3d/qwen25vl7b-base/vlmevalkit_defaults/scores.json,runs/cvbench_3d/trace-qwen25vl7b-easyr1-all1000-answer-nokl-step500/vlmevalkit_defaults/scores.json
wemath,WeMath,vlmevalkit_cot_qwen32b_judge,1000,62.3,66.9,4.6000000000000085,196.118,346.709,,,1072,1397,0.0,0.0,runs/wemath/qwen25vl7b-base/vlmevalkit_cot_qwen32b_judge/scores.json,runs/wemath/trace-qwen25vl7b-easyr1-all1000-answer-nokl-step500/vlmevalkit_cot_qwen32b_judge/scores.json
mathvision,MathVision,vlmevalkit_defaults_qwen32b_judge,1000,27.1,27.3,0.1999999999999993,495.97,610.366,,,4096,4096,0.007,0.003,runs/mathvision/qwen25vl7b-base/vlmevalkit_defaults_qwen32b_judge/scores.json,runs/mathvision/trace-qwen25vl7b-easyr1-all1000-answer-nokl-step500/vlmevalkit_defaults_qwen32b_judge/scores.json
erqa,ERQA,vlmevalkit_defaults,400,40.0,41.25,1.25,2.0125,2.005,,,3,3,0.0,0.0,runs/erqa/qwen25vl7b-base/vlmevalkit_defaults/scores.json,runs/erqa/trace-qwen25vl7b-easyr1-all1000-answer-nokl-step500/vlmevalkit_defaults/scores.json
treebench,TreeBench,vlmevalkit_defaults,405,38.02469135802469,37.28395061728395,-0.7407407407407405,17.955555555555556,34.01234567901235,,,310,455,0.0,0.0,runs/treebench/qwen25vl7b-base/vlmevalkit_defaults/scores.json,runs/treebench/trace-qwen25vl7b-easyr1-all1000-answer-nokl-step500/vlmevalkit_defaults/scores.json
countbenchqa,CountBenchQA,vlmevalkit_defaults,487,86.24229979466119,86.652977412731,0.41067761806981196,2.11088295687885,2.0944558521560577,,,3,3,0.0,0.0,runs/countbenchqa/qwen25vl7b-base/vlmevalkit_defaults/scores.json,runs/countbenchqa/trace-qwen25vl7b-easyr1-all1000-answer-nokl-step500/vlmevalkit_defaults/scores.json
mathverse,MathVerse,vlmevalkit_defaults_qwen32b_judge,788,25.50761421319797,23.096446700507613,-2.4111675126903584,407.6713197969543,453.26269035532994,,,4096,4096,0.0012690355329949238,0.0012690355329949238,runs/mathverse/qwen25vl7b-base/vlmevalkit_defaults_qwen32b_judge/scores.json,runs/mathverse/trace-qwen25vl7b-easyr1-all1000-answer-nokl-step500/vlmevalkit_defaults_qwen32b_judge/scores.json
charxivreason,CharXivReason,vlmevalkit_defaults_qwen32b_judge,1000,39.2,46.400000000000006,7.200000000000003,23.45,347.808,,,932,2560,0.0,0.0,runs/charxivreason/qwen25vl7b-base/vlmevalkit_defaults_qwen32b_judge/scores.json,runs/charxivreason/trace-qwen25vl7b-easyr1-all1000-answer-nokl-step500/vlmevalkit_defaults_qwen32b_judge/scores.json
phyx_mini_mc,PhyX mini MC,vlmevalkit_defaults,1000,40.300000000000004,49.8,9.499999999999993,163.343,722.791,,,1564,4096,0.0,0.003,runs/phyx_mini_mc/qwen25vl7b-base/vlmevalkit_defaults/scores.json,runs/phyx_mini_mc/trace-qwen25vl7b-easyr1-all1000-answer-nokl-step500/vlmevalkit_defaults/scores.json
physics,Physics,vlmevalkit_reasoning,1000,14.099999999999998,15.4,1.3000000000000025,720.427,897.147,,,4096,4096,0.004,0.002,runs/physics/qwen25vl7b-base/vlmevalkit_reasoning/scores.json,runs/physics/trace-qwen25vl7b-easyr1-all1000-answer-nokl-step500/vlmevalkit_reasoning/scores.json
mmmu_pro_vision,MMMU-ProVis,vlmevalkit_cot_max2048,1000,38.2,34.2,-4.0,440.476,586.522,,,2048,2048,0.003,0.007,runs/mmmu_pro_vision/qwen25vl7b-base/vlmevalkit_cot_max2048/scores.json,runs/mmmu_pro_vision/trace-qwen25vl7b-easyr1-all1000-answer-nokl-step500/vlmevalkit_cot_max2048/scores.json
blink,Blink,vlmevalkit_defaults,1000,52.400000000000006,33.300000000000004,-19.1,21.804,142.562,,,378,767,0.0,0.0,runs/blink/qwen25vl7b-base/vlmevalkit_defaults/scores.json,runs/blink/trace-qwen25vl7b-easyr1-all1000-answer-nokl-step500/vlmevalkit_defaults/scores.json
visiongraph_q3,VisionGraph-Q3,vlmevalkit_q3,1000,17.777252758815944,17.459315013769675,-0.3179377450462688,395.396,688.68,,,2048,2048,0.013,0.031,runs/visiongraph_q3/qwen25vl7b-base/vlmevalkit_q3/scores.json,runs/visiongraph_q3/trace-qwen25vl7b-easyr1-all1000-answer-nokl-step500/vlmevalkit_q3/scores.json
vstarbench,VStarBench,vlmevalkit_defaults,191,76.43979057591623,72.25130890052355,-4.18848167539268,5.994764397905759,23.7434554973822,,,62,172,0.0,0.0,runs/vstarbench/qwen25vl7b-base/vlmevalkit_defaults/scores.json,runs/vstarbench/trace-qwen25vl7b-easyr1-all1000-answer-nokl-step500/vlmevalkit_defaults/scores.json
vlmbias,VLMBias,vlmevalkit_defaults,1000,21.2,23.7,2.5,4.117,4.101,,,5,5,0.0,0.0,runs/vlmbias/qwen25vl7b-base/vlmevalkit_defaults/scores.json,runs/vlmbias/trace-qwen25vl7b-easyr1-all1000-answer-nokl-step500/vlmevalkit_defaults/scores.json
